<?xml version='1.0' encoding='UTF-8' standalone='yes' ?>
<data version="1.37.0">
  <trigger type="quick_settings_tile_selected">
    <useDefaultName>true</useDefaultName>
    <name>Quick Settings Tile Selected: Tile 3 RBH AUTO</name>
    <enabled>true</enabled>
    <tileID>TILE_3</tileID>
    <label>RBH AUTO</label>
    <iconType>BUILTIN</iconType>
    <icon>STOP</icon>
    <customIconPath></customIconPath>
    <shouldCollapsePanel>false</shouldCollapsePanel>
  </trigger>
  <condition type="app_task_running">
    <useDefaultName>true</useDefaultName>
    <name>App Task Running: th.in.robinhood.rider (most recent)</name>
    <method>USAGE_STATISTICS</method>
    <packageNameList>th.in.robinhood.rider</packageNameList>
    <checkMostRecentAppTaskOnly>true</checkMostRecentAppTaskOnly>
  </condition>
  <condition type="expression">
    <useDefaultName>true</useDefaultName>
    <name>Expression: act != null and near != null</name>
    <expression>act != null and
near != null</expression>
  </condition>
  <condition type="expression">
    <useDefaultName>false</useDefaultName>
    <name>Expression: Execute 10 times</name>
    <expression>if (step == null) step = 0;

if (step &lt; 2)
{
  step = step + 1;
  return true;
}
else
{ 
  step = null;
  return false;
}</expression>
  </condition>
  <condition type="expression">
    <useDefaultName>false</useDefaultName>
    <name>Expression: Execute 10 times 2</name>
    <expression>if (step == null) step = 0;

if (step &lt; 10)
{
  step = step + 1;
  return true;
}
else
{ 
  step = null;
  return false;
}</expression>
  </condition>
  <condition type="expression">
    <useDefaultName>false</useDefaultName>
    <name>Expression: Execute 20 times</name>
    <expression>if (stepm == null) stepm = 0;

if (stepm &lt; 20)
{
  stepm = stepm + 1;
  return true;
}
else
{ 
  stepm = null;
  return false;
}</expression>
  </condition>
  <condition type="expression">
    <useDefaultName>true</useDefaultName>
    <name>Expression: global_RBH_stay == 1</name>
    <expression>global_RBH_stay == 1</expression>
  </condition>
  <condition type="flow_enabled">
    <useDefaultName>true</useDefaultName>
    <name>Flow Enabled: Auto RUN RBH    </name>
    <flowName>Auto RUN RBH    </flowName>
  </condition>
  <condition type="flow_executing">
    <useDefaultName>true</useDefaultName>
    <name>Flow Executing: Auto RUN RBH   </name>
    <flowName>Auto RUN RBH   </flowName>
  </condition>
  <condition type="flow_executing">
    <useDefaultName>true</useDefaultName>
    <name>Flow Executing: Auto RUN RBH    </name>
    <flowName>Auto RUN RBH    </flowName>
  </condition>
  <action type="clear_automagic_log">
    <useDefaultName>false</useDefaultName>
    <name>Clear PHANToM Log</name>
  </action>
  <action type="control_user_interface">
    <useDefaultName>true</useDefaultName>
    <name>Control UI: ac = getBounds("รับงาน"); click("รับงาน*");sleep(5); click("รับงาน");sleep(5); click("รับงาน*");sleep(5); click("รับงาน");sleep(5); //sleep(200); //click("กลับสู่หน้ารับงาน"); if(ac != null){ ac_x = getElement(ac, 0); ac_y = getElement(ac, 1); ac_w = getElement(ac, 2); ac_h = getElement(ac, 3); Ac_X</name>
    <script>ac = getBounds("รับงาน");
click("รับงาน*");sleep(5);
click("รับงาน");sleep(5);
click("รับงาน*");sleep(5);
click("รับงาน");sleep(5);

//sleep(200);
//click("กลับสู่หน้ารับงาน");

if(ac != null){
ac_x = getElement(ac, 0);
ac_y = getElement(ac, 1);
ac_w = getElement(ac, 2);
ac_h = getElement(ac, 3);
Ac_X = ac_x + random(ac_x,ac_w);
Ac_Y = ac_y + random(ac_y,ac_h);
touchGesture(0, random(10,90), newList(Ac_X,Ac_Y));}</script>
  </action>
  <action type="control_user_interface">
    <useDefaultName>true</useDefaultName>
    <name>Control UI: click("กลับสู่หน้ารับงาน");sleep(100); click("กลับสู่หน้ารับงาน");sleep(100); click("กลับสู่หน้ารับงาน");sleep(100); click("กลับสู่หน้ารับงาน");sleep(100); click("กลับสู่หน้ารับงาน");sleep(100);</name>
    <script>click("กลับสู่หน้ารับงาน");sleep(100);
click("กลับสู่หน้ารับงาน");sleep(100);
click("กลับสู่หน้ารับงาน");sleep(100);
click("กลับสู่หน้ารับงาน");sleep(100);
click("กลับสู่หน้ารับงาน");sleep(100);</script>
  </action>
  <action type="control_user_interface">
    <useDefaultName>true</useDefaultName>
    <name>Control UI: sleep(20);st = 0; while(st &lt;= 30){sleep(1); near = getBounds("*อยู่ห่าง*"); act = getBounds("รับงาน*"); st = st + 1;}</name>
    <script>sleep(20);st = 0;
while(st &lt;= 30){sleep(1);
near = getBounds("*อยู่ห่าง*");
act = getBounds("รับงาน*");
st = st + 1;}</script>
  </action>
  <action type="control_user_interface">
    <useDefaultName>true</useDefaultName>
    <name>Control UI: sleep(300); click("รับงาน*");sleep(5); click("รับงาน");sleep(5); click("รับงาน*");sleep(5); click("รับงาน");sleep(5); //sleep(200); //click("กลับสู่หน้ารับงาน");</name>
    <script>sleep(300);
click("รับงาน*");sleep(5);
click("รับงาน");sleep(5);
click("รับงาน*");sleep(5);
click("รับงาน");sleep(5);

//sleep(200);
//click("กลับสู่หน้ารับงาน");</script>
  </action>
  <action type="execute_flows">
    <useDefaultName>true</useDefaultName>
    <name>Execute Flows: "Auto RUN RBH    "</name>
    <includeFlowNamePatternList>"Auto RUN RBH    "</includeFlowNamePatternList>
    <excludeFlowNamePatternList></excludeFlowNamePatternList>
    <skipDisabledFlowsWithoutError>true</skipDisabledFlowsWithoutError>
    <waitForFlowsToFinish>false</waitForFlowsToFinish>
    <returnLocalVariablesToCallingFlow>false</returnLocalVariablesToCallingFlow>
  </action>
  <action type="execute_flows">
    <useDefaultName>true</useDefaultName>
    <name>Execute Flows: "Auto RUN RBH   "</name>
    <includeFlowNamePatternList>"Auto RUN RBH   "</includeFlowNamePatternList>
    <excludeFlowNamePatternList></excludeFlowNamePatternList>
    <skipDisabledFlowsWithoutError>true</skipDisabledFlowsWithoutError>
    <waitForFlowsToFinish>false</waitForFlowsToFinish>
    <returnLocalVariablesToCallingFlow>false</returnLocalVariablesToCallingFlow>
  </action>
  <action type="execute_flows">
    <useDefaultName>false</useDefaultName>
    <name>Execute Flows: Auto RUN RBHhz</name>
    <includeFlowNamePatternList>"Auto RUN RBH    "</includeFlowNamePatternList>
    <excludeFlowNamePatternList></excludeFlowNamePatternList>
    <skipDisabledFlowsWithoutError>false</skipDisabledFlowsWithoutError>
    <waitForFlowsToFinish>false</waitForFlowsToFinish>
    <returnLocalVariablesToCallingFlow>false</returnLocalVariablesToCallingFlow>
  </action>
  <action type="hide_custom_widget_overlay">
    <useDefaultName>true</useDefaultName>
    <name>Hide Custom Widget Overlay: grap</name>
    <overlayNames>grap</overlayNames>
  </action>
  <action type="init_variable_image_metadata">
    <useDefaultName>false</useDefaultName>
    <name>Image_metacheck</name>
    <path>storage/emulated/0/{global_file_name}</path>
    <variable>image_metadata</variable>
    <parseDates>true</parseDates>
    <includeDirectoryName>false</includeDirectoryName>
    <getRawValues>false</getRawValues>
    <extractThumbnail>false</extractThumbnail>
  </action>
  <action type="launch_app">
    <useDefaultName>true</useDefaultName>
    <name>Launch App: th.in.robinhood.rider</name>
    <packageName>th.in.robinhood.rider</packageName>
    <className></className>
  </action>
  <action type="notification_screen">
    <useDefaultName>true</useDefaultName>
    <name>Notification on Screen: RBH AUTO - OFF (long)</name>
    <showText>true</showText>
    <text>RBH AUTO - OFF</text>
    <widgetName></widgetName>
    <width></width>
    <height></height>
    <stretchToFillArea>false</stretchToFillArea>
    <opacity>1.00</opacity>
    <durationLong>true</durationLong>
    <customPosition>false</customPosition>
    <gravityType>TOP_LEFT</gravityType>
    <xOffset>0</xOffset>
    <yOffset>0</yOffset>
  </action>
  <action type="notification_screen">
    <useDefaultName>true</useDefaultName>
    <name>Notification on Screen: RBH AUTO - ON (long)</name>
    <showText>true</showText>
    <text>RBH AUTO - ON</text>
    <widgetName></widgetName>
    <width></width>
    <height></height>
    <stretchToFillArea>false</stretchToFillArea>
    <opacity>1.00</opacity>
    <durationLong>true</durationLong>
    <customPosition>false</customPosition>
    <gravityType>TOP_LEFT</gravityType>
    <xOffset>0</xOffset>
    <yOffset>0</yOffset>
  </action>
  <action type="script">
    <useDefaultName>false</useDefaultName>
    <name>resolution test</name>
    <script>Width = findAll(image_metadata, 'image_width=\\d+');
Width = findAll(Width, '\\d+');
Width = replace(Width, '[', '');
global_Width = replaceAll(Width, ']', '');
height = findAll(image_metadata, 'image_height=\\d+');
height = findAll(height, '\\d+');
height = replace(height, '[', '');
global_height = replaceAll(height, ']', '');</script>
  </action>
  <action type="execute_root_command">
    <useDefaultName>false</useDefaultName>
    <name>screencapcheck</name>
    <command>screencap -p /storage/emulated/0/{global_file_name}</command>
    <user></user>
    <seContext></seContext>
    <workingDirectory></workingDirectory>
    <timeout>300000</timeout>
    <variableStdout>stdout</variableStdout>
    <variableStderr>stderr</variableStderr>
    <variableExitCode>exit_code</variableExitCode>
  </action>
  <action type="script">
    <useDefaultName>true</useDefaultName>
    <name>Script: global_RBH_stay = 0</name>
    <script>global_RBH_stay = 0</script>
  </action>
  <action type="script">
    <useDefaultName>true</useDefaultName>
    <name>Script: global_RBH_stay = 1</name>
    <script>global_RBH_stay = 1</script>
  </action>
  <action type="set_flow_state">
    <useDefaultName>true</useDefaultName>
    <name>Set Flow State: Disable "Auto RUN RBH   ","Auto RUN RBH    "</name>
    <enable>false</enable>
    <includeFlowNamePatternList>"Auto RUN RBH   ","Auto RUN RBH    "</includeFlowNamePatternList>
    <excludeFlowNamePatternList></excludeFlowNamePatternList>
  </action>
  <action type="set_flow_state">
    <useDefaultName>true</useDefaultName>
    <name>Set Flow State: Enable "Auto RUN RBH   ","Auto RUN RBH    "</name>
    <enable>true</enable>
    <includeFlowNamePatternList>"Auto RUN RBH   ","Auto RUN RBH    "</includeFlowNamePatternList>
    <excludeFlowNamePatternList></excludeFlowNamePatternList>
  </action>
  <action type="show_custom_widget_overlay">
    <useDefaultName>true</useDefaultName>
    <name>Show Custom Widget Overlay: grap, Grapx ({global_Width}*{global_height}) Center</name>
    <overlayName>grap</overlayName>
    <widgetName>Grapx</widgetName>
    <width>{global_Width}</width>
    <height>{global_height}</height>
    <gravityType>CENTER_CENTER</gravityType>
    <xOffset>0</xOffset>
    <yOffset>0</yOffset>
    <draggable>false</draggable>
    <opacity>1.00</opacity>
    <clickable>false</clickable>
    <stretchToFillArea>false</stretchToFillArea>
    <showOnTop>true</showOnTop>
  </action>
  <action type="stop_flows">
    <useDefaultName>true</useDefaultName>
    <name>Stop Flows: "Auto RUN RBH   ","Auto RUN RBH    "</name>
    <includeFlowNamePatternList>"Auto RUN RBH   ","Auto RUN RBH    "</includeFlowNamePatternList>
    <excludeFlowNamePatternList></excludeFlowNamePatternList>
  </action>
  <action type="update_quick_settings_tile">
    <useDefaultName>true</useDefaultName>
    <name>Update Quick Settings Tile: Tile 3 RBH AUTO - ON Active</name>
    <tileID>TILE_3</tileID>
    <label>RBH AUTO - ON</label>
    <iconType>BUILTIN</iconType>
    <icon>PAUSE</icon>
    <customIconPath></customIconPath>
    <state>ACTIVE</state>
  </action>
  <action type="update_quick_settings_tile">
    <useDefaultName>true</useDefaultName>
    <name>Update Quick Settings Tile: Tile 3 RBH AUTO Active</name>
    <tileID>TILE_3</tileID>
    <label>RBH AUTO</label>
    <iconType>BUILTIN</iconType>
    <icon>PLAY</icon>
    <customIconPath></customIconPath>
    <state>ACTIVE</state>
  </action>
  <action type="vibrate">
    <useDefaultName>true</useDefaultName>
    <name>Vibrate: Custom pattern (.)</name>
    <custom>true</custom>
    <vibratePattern>vibrate_pattern_1</vibratePattern>
    <customPattern>0,40</customPattern>
  </action>
  <action type="vibrate">
    <useDefaultName>true</useDefaultName>
    <name>Vibrate: Pattern 4 (.)</name>
    <custom>false</custom>
    <vibratePattern>vibrate_pattern_4</vibratePattern>
    <customPattern>0,500</customPattern>
  </action>
  <flow type="flow">
    <name>Auto RUN RBH   </name>
    <description>PHANToM</description>
    <group>Auto RBH × PHANToM</group>
    <enabled>false</enabled>
    <executionPolicy>PARALLEL</executionPolicy>
    <conditioncontainer id="t1" x="-104.999985" y="437.5">Expression: act != null and near != null</conditioncontainer>
    <actioncontainer id="t2" x="-105.0" y="1697.5">Hide Custom Widget Overlay: grap</actioncontainer>
    <actioncontainer id="t3" x="-104.99997" y="1592.5">Control UI: ac = getBounds("รับงาน"); click("รับงาน*");sleep(5); click("รับงาน");sleep(5); click("รับงาน*");sleep(5); click("รับงาน");sleep(5); //sleep(200); //click("กลับสู่หน้ารับงาน"); if(ac != null){ ac_x = getElement(ac, 0); ac_y = getElement(ac, 1); ac_w = getElement(ac, 2); ac_h = getElement(ac, 3); Ac_X</actioncontainer>
    <actioncontainer id="t4" x="314.99982" y="437.50018">Clear PHANToM Log</actioncontainer>
    <conditioncontainer id="t5" x="315.00015" y="612.5002">Expression: global_RBH_stay == 1</conditioncontainer>
    <conditioncontainer id="t6" x="525.00006" y="612.5">Expression: Execute 20 times</conditioncontainer>
    <actioncontainer id="t7" x="139.99992" y="612.49994">Launch App: th.in.robinhood.rider</actioncontainer>
    <conditioncontainer id="t8" x="69.99986" y="1277.5">Expression: Execute 10 times</conditioncontainer>
    <actioncontainer id="t9" x="244.99988" y="962.4999">Control UI: click("กลับสู่หน้ารับงาน");sleep(100); click("กลับสู่หน้ารับงาน");sleep(100); click("กลับสู่หน้ารับงาน");sleep(100); click("กลับสู่หน้ารับงาน");sleep(100); click("กลับสู่หน้ารับงาน");sleep(100);</actioncontainer>
    <actioncontainer id="t10" x="244.99994" y="1067.5002">Show Custom Widget Overlay: grap, Grapx ({global_Width}*{global_height}) Center</actioncontainer>
    <actioncontainer id="t11" x="244.99994" y="1172.5">Hide Custom Widget Overlay: grap</actioncontainer>
    <actioncontainer id="t12" x="245.00003" y="1382.4998">Vibrate: Custom pattern (.)</actioncontainer>
    <actioncontainer id="t13" x="244.99991" y="1487.5">Hide Custom Widget Overlay: grap</actioncontainer>
    <actioncontainer id="t14" x="244.99994" y="1277.5">Show Custom Widget Overlay: grap, Grapx ({global_Width}*{global_height}) Center</actioncontainer>
    <conditioncontainer id="t15" x="420.00012" y="1277.5">Expression: Execute 10 times 2</conditioncontainer>
    <actioncontainer id="t16" x="594.9999" y="1522.5005">Stop Flows: "Auto RUN RBH   ","Auto RUN RBH    "</actioncontainer>
    <actioncontainer id="t17" x="594.9998" y="1417.5007">Clear PHANToM Log</actioncontainer>
    <actioncontainer id="t18" x="594.9999" y="1312.5002">Notification on Screen: RBH AUTO - OFF (long)</actioncontainer>
    <actioncontainer id="t19" x="595.0001" y="1102.5005">Set Flow State: Disable "Auto RUN RBH   ","Auto RUN RBH    "</actioncontainer>
    <actioncontainer id="t20" x="595.0" y="997.4998">Clear PHANToM Log</actioncontainer>
    <actioncontainer id="t21" x="594.9999" y="1207.5002">Update Quick Settings Tile: Tile 3 RBH AUTO Active</actioncontainer>
    <triggercontainer id="t22" x="-140.00012" y="87.49982" />
    <actioncontainer id="t23" x="524.99976" y="822.50024">Execute Flows: "Auto RUN RBH    "</actioncontainer>
    <actioncontainer id="t24" x="-105.00002" y="1487.5">Vibrate: Pattern 4 (.)</actioncontainer>
    <actioncontainer id="t25" x="-105.0" y="1382.5">Show Custom Widget Overlay: grap, Grapx ({global_Width}*{global_height}) Center</actioncontainer>
    <actioncontainer id="t26" x="-104.99999" y="1277.5">Control UI: sleep(300); click("รับงาน*");sleep(5); click("รับงาน");sleep(5); click("รับงาน*");sleep(5); click("รับงาน");sleep(5); //sleep(200); //click("กลับสู่หน้ารับงาน");</actioncontainer>
    <actioncontainer id="t27" x="-104.99999" y="1172.5">Hide Custom Widget Overlay: grap</actioncontainer>
    <actioncontainer id="t28" x="-105.000015" y="962.50006">Show Custom Widget Overlay: grap, Grapx ({global_Width}*{global_height}) Center</actioncontainer>
    <actioncontainer id="t29" x="-105.00006" y="297.50015">Control UI: sleep(20);st = 0; while(st &lt;= 30){sleep(1); near = getBounds("*อยู่ห่าง*"); act = getBounds("รับงาน*"); st = st + 1;}</actioncontainer>
    <actioncontainer id="t30" x="-105.0" y="1067.5">Control UI: ac = getBounds("รับงาน"); click("รับงาน*");sleep(5); click("รับงาน");sleep(5); click("รับงาน*");sleep(5); click("รับงาน");sleep(5); //sleep(200); //click("กลับสู่หน้ารับงาน"); if(ac != null){ ac_x = getElement(ac, 0); ac_y = getElement(ac, 1); ac_w = getElement(ac, 2); ac_h = getElement(ac, 3); Ac_X</actioncontainer>
    <connection from="t1" to="t4" type="FALSE" sourcePosition="EAST" targetPosition="WEST" />
    <connection from="t1" to="t28" type="TRUE" sourcePosition="SOUTH" targetPosition="NORTH" />
    <connection from="t2" to="t8" type="NORMAL" sourcePosition="SOUTH" targetPosition="SOUTH" />
    <connection from="t3" to="t2" type="NORMAL" sourcePosition="SOUTH" targetPosition="NORTH" />
    <connection from="t4" to="t5" type="NORMAL" sourcePosition="SOUTH" targetPosition="NORTH" />
    <connection from="t5" to="t7" type="TRUE" sourcePosition="WEST" targetPosition="EAST" />
    <connection from="t5" to="t6" type="EXCEPTION" sourcePosition="SOUTH" targetPosition="SOUTH" />
    <connection from="t5" to="t6" type="FALSE" sourcePosition="SOUTH" targetPosition="SOUTH" />
    <connection from="t6" to="t23" type="FALSE" sourcePosition="SOUTH" targetPosition="NORTH" />
    <connection from="t6" to="t29" type="TRUE" sourcePosition="NORTH" targetPosition="NORTH" />
    <connection from="t7" to="t6" type="EXCEPTION" sourcePosition="SOUTH" targetPosition="SOUTH" />
    <connection from="t7" to="t6" type="NORMAL" sourcePosition="SOUTH" targetPosition="SOUTH" />
    <connection from="t8" to="t28" type="TRUE" sourcePosition="NORTH" targetPosition="NORTH" />
    <connection from="t8" to="t9" type="FALSE" sourcePosition="NORTH" targetPosition="NORTH" />
    <connection from="t9" to="t10" type="NORMAL" sourcePosition="SOUTH" targetPosition="NORTH" />
    <connection from="t10" to="t11" type="NORMAL" sourcePosition="SOUTH" targetPosition="NORTH" />
    <connection from="t11" to="t14" type="NORMAL" sourcePosition="SOUTH" targetPosition="NORTH" />
    <connection from="t12" to="t13" type="NORMAL" sourcePosition="SOUTH" targetPosition="NORTH" />
    <connection from="t13" to="t15" type="NORMAL" sourcePosition="SOUTH" targetPosition="SOUTH" />
    <connection from="t14" to="t12" type="NORMAL" sourcePosition="SOUTH" targetPosition="NORTH" />
    <connection from="t15" to="t20" type="FALSE" sourcePosition="NORTH" targetPosition="NORTH" />
    <connection from="t15" to="t10" type="TRUE" sourcePosition="NORTH" targetPosition="EAST" />
    <connection from="t17" to="t16" type="NORMAL" sourcePosition="SOUTH" targetPosition="NORTH" />
    <connection from="t18" to="t17" type="NORMAL" sourcePosition="SOUTH" targetPosition="NORTH" />
    <connection from="t19" to="t21" type="NORMAL" sourcePosition="SOUTH" targetPosition="NORTH" />
    <connection from="t20" to="t19" type="NORMAL" sourcePosition="SOUTH" targetPosition="NORTH" />
    <connection from="t21" to="t18" type="NORMAL" sourcePosition="SOUTH" targetPosition="NORTH" />
    <connection from="t22" to="t29" type="NORMAL" sourcePosition="SOUTH" targetPosition="NORTH" />
    <connection from="t24" to="t3" type="EXCEPTION" sourcePosition="SOUTH" targetPosition="NORTH" />
    <connection from="t24" to="t3" type="NORMAL" sourcePosition="SOUTH" targetPosition="NORTH" />
    <connection from="t25" to="t24" type="EXCEPTION" sourcePosition="SOUTH" targetPosition="NORTH" />
    <connection from="t25" to="t24" type="NORMAL" sourcePosition="SOUTH" targetPosition="NORTH" />
    <connection from="t26" to="t25" type="NORMAL" sourcePosition="SOUTH" targetPosition="NORTH" />
    <connection from="t27" to="t26" type="EXCEPTION" sourcePosition="SOUTH" targetPosition="NORTH" />
    <connection from="t27" to="t26" type="NORMAL" sourcePosition="SOUTH" targetPosition="NORTH" />
    <connection from="t28" to="t30" type="EXCEPTION" sourcePosition="SOUTH" targetPosition="NORTH" />
    <connection from="t28" to="t30" type="NORMAL" sourcePosition="SOUTH" targetPosition="NORTH" />
    <connection from="t29" to="t1" type="NORMAL" sourcePosition="SOUTH" targetPosition="NORTH" />
    <connection from="t30" to="t27" type="NORMAL" sourcePosition="SOUTH" targetPosition="NORTH" />
  </flow>
  <flow type="flow">
    <name>Auto RUN RBH    </name>
    <description>PHANToM</description>
    <group>Auto RBH × PHANToM</group>
    <enabled>false</enabled>
    <executionPolicy>PARALLEL</executionPolicy>
    <conditioncontainer id="t1" x="-104.999985" y="437.5">Expression: act != null and near != null</conditioncontainer>
    <actioncontainer id="t2" x="-105.0" y="1697.5">Hide Custom Widget Overlay: grap</actioncontainer>
    <actioncontainer id="t3" x="-104.99997" y="1592.5">Control UI: ac = getBounds("รับงาน"); click("รับงาน*");sleep(5); click("รับงาน");sleep(5); click("รับงาน*");sleep(5); click("รับงาน");sleep(5); //sleep(200); //click("กลับสู่หน้ารับงาน"); if(ac != null){ ac_x = getElement(ac, 0); ac_y = getElement(ac, 1); ac_w = getElement(ac, 2); ac_h = getElement(ac, 3); Ac_X</actioncontainer>
    <actioncontainer id="t4" x="314.99982" y="437.50018">Clear PHANToM Log</actioncontainer>
    <conditioncontainer id="t5" x="315.00015" y="612.5002">Expression: global_RBH_stay == 1</conditioncontainer>
    <actioncontainer id="t6" x="139.99992" y="612.49994">Launch App: th.in.robinhood.rider</actioncontainer>
    <conditioncontainer id="t7" x="69.99986" y="1277.5">Expression: Execute 10 times</conditioncontainer>
    <actioncontainer id="t8" x="244.99988" y="962.4999">Control UI: click("กลับสู่หน้ารับงาน");sleep(100); click("กลับสู่หน้ารับงาน");sleep(100); click("กลับสู่หน้ารับงาน");sleep(100); click("กลับสู่หน้ารับงาน");sleep(100); click("กลับสู่หน้ารับงาน");sleep(100);</actioncontainer>
    <actioncontainer id="t9" x="244.99994" y="1067.5002">Show Custom Widget Overlay: grap, Grapx ({global_Width}*{global_height}) Center</actioncontainer>
    <actioncontainer id="t10" x="244.99994" y="1172.5">Hide Custom Widget Overlay: grap</actioncontainer>
    <actioncontainer id="t11" x="245.00003" y="1382.4998">Vibrate: Custom pattern (.)</actioncontainer>
    <actioncontainer id="t12" x="244.99991" y="1487.5">Hide Custom Widget Overlay: grap</actioncontainer>
    <actioncontainer id="t13" x="244.99994" y="1277.5">Show Custom Widget Overlay: grap, Grapx ({global_Width}*{global_height}) Center</actioncontainer>
    <conditioncontainer id="t14" x="420.00012" y="1277.5">Expression: Execute 10 times 2</conditioncontainer>
    <actioncontainer id="t15" x="594.9999" y="1522.5005">Stop Flows: "Auto RUN RBH   ","Auto RUN RBH    "</actioncontainer>
    <actioncontainer id="t16" x="594.9998" y="1417.5007">Clear PHANToM Log</actioncontainer>
    <actioncontainer id="t17" x="594.9999" y="1312.5002">Notification on Screen: RBH AUTO - OFF (long)</actioncontainer>
    <actioncontainer id="t18" x="595.0001" y="1102.5005">Set Flow State: Disable "Auto RUN RBH   ","Auto RUN RBH    "</actioncontainer>
    <actioncontainer id="t19" x="595.0" y="997.4998">Clear PHANToM Log</actioncontainer>
    <actioncontainer id="t20" x="594.9999" y="1207.5002">Update Quick Settings Tile: Tile 3 RBH AUTO Active</actioncontainer>
    <actioncontainer id="t21" x="-105.00006" y="297.50015">Control UI: sleep(20);st = 0; while(st &lt;= 30){sleep(1); near = getBounds("*อยู่ห่าง*"); act = getBounds("รับงาน*"); st = st + 1;}</actioncontainer>
    <actioncontainer id="t22" x="524.99976" y="822.50024">Execute Flows: "Auto RUN RBH   "</actioncontainer>
    <actioncontainer id="t23" x="-105.0" y="1487.5">Vibrate: Pattern 4 (.)</actioncontainer>
    <actioncontainer id="t24" x="-105.000015" y="1382.5">Show Custom Widget Overlay: grap, Grapx ({global_Width}*{global_height}) Center</actioncontainer>
    <actioncontainer id="t25" x="-105.0" y="1277.5">Control UI: sleep(300); click("รับงาน*");sleep(5); click("รับงาน");sleep(5); click("รับงาน*");sleep(5); click("รับงาน");sleep(5); //sleep(200); //click("กลับสู่หน้ารับงาน");</actioncontainer>
    <conditioncontainer id="t26" x="525.00006" y="612.5">Expression: Execute 20 times</conditioncontainer>
    <actioncontainer id="t27" x="-104.999985" y="1067.4996">Control UI: ac = getBounds("รับงาน"); click("รับงาน*");sleep(5); click("รับงาน");sleep(5); click("รับงาน*");sleep(5); click("รับงาน");sleep(5); //sleep(200); //click("กลับสู่หน้ารับงาน"); if(ac != null){ ac_x = getElement(ac, 0); ac_y = getElement(ac, 1); ac_w = getElement(ac, 2); ac_h = getElement(ac, 3); Ac_X</actioncontainer>
    <actioncontainer id="t28" x="-104.99999" y="1172.5">Hide Custom Widget Overlay: grap</actioncontainer>
    <actioncontainer id="t29" x="-105.00002" y="962.50006">Show Custom Widget Overlay: grap, Grapx ({global_Width}*{global_height}) Center</actioncontainer>
    <triggercontainer id="t30" x="-140.00012" y="52.499714" />
    <connection from="t1" to="t4" type="FALSE" sourcePosition="EAST" targetPosition="WEST" />
    <connection from="t1" to="t29" type="TRUE" sourcePosition="SOUTH" targetPosition="NORTH" />
    <connection from="t2" to="t7" type="NORMAL" sourcePosition="SOUTH" targetPosition="SOUTH" />
    <connection from="t3" to="t2" type="NORMAL" sourcePosition="SOUTH" targetPosition="NORTH" />
    <connection from="t4" to="t5" type="NORMAL" sourcePosition="SOUTH" targetPosition="NORTH" />
    <connection from="t5" to="t6" type="TRUE" sourcePosition="WEST" targetPosition="EAST" />
    <connection from="t5" to="t26" type="EXCEPTION" sourcePosition="SOUTH" targetPosition="SOUTH" />
    <connection from="t5" to="t26" type="FALSE" sourcePosition="SOUTH" targetPosition="SOUTH" />
    <connection from="t6" to="t26" type="EXCEPTION" sourcePosition="SOUTH" targetPosition="SOUTH" />
    <connection from="t6" to="t26" type="NORMAL" sourcePosition="SOUTH" targetPosition="SOUTH" />
    <connection from="t7" to="t29" type="TRUE" sourcePosition="NORTH" targetPosition="NORTH" />
    <connection from="t7" to="t8" type="FALSE" sourcePosition="NORTH" targetPosition="NORTH" />
    <connection from="t8" to="t9" type="NORMAL" sourcePosition="SOUTH" targetPosition="NORTH" />
    <connection from="t9" to="t10" type="NORMAL" sourcePosition="SOUTH" targetPosition="NORTH" />
    <connection from="t10" to="t13" type="NORMAL" sourcePosition="SOUTH" targetPosition="NORTH" />
    <connection from="t11" to="t12" type="NORMAL" sourcePosition="SOUTH" targetPosition="NORTH" />
    <connection from="t12" to="t14" type="NORMAL" sourcePosition="SOUTH" targetPosition="SOUTH" />
    <connection from="t13" to="t11" type="NORMAL" sourcePosition="SOUTH" targetPosition="NORTH" />
    <connection from="t14" to="t19" type="FALSE" sourcePosition="NORTH" targetPosition="NORTH" />
    <connection from="t14" to="t9" type="TRUE" sourcePosition="NORTH" targetPosition="EAST" />
    <connection from="t16" to="t15" type="NORMAL" sourcePosition="SOUTH" targetPosition="NORTH" />
    <connection from="t17" to="t16" type="NORMAL" sourcePosition="SOUTH" targetPosition="NORTH" />
    <connection from="t18" to="t20" type="NORMAL" sourcePosition="SOUTH" targetPosition="NORTH" />
    <connection from="t19" to="t18" type="NORMAL" sourcePosition="SOUTH" targetPosition="NORTH" />
    <connection from="t20" to="t17" type="NORMAL" sourcePosition="SOUTH" targetPosition="NORTH" />
    <connection from="t21" to="t1" type="NORMAL" sourcePosition="SOUTH" targetPosition="NORTH" />
    <connection from="t23" to="t3" type="EXCEPTION" sourcePosition="SOUTH" targetPosition="NORTH" />
    <connection from="t23" to="t3" type="NORMAL" sourcePosition="SOUTH" targetPosition="NORTH" />
    <connection from="t24" to="t23" type="EXCEPTION" sourcePosition="SOUTH" targetPosition="NORTH" />
    <connection from="t24" to="t23" type="NORMAL" sourcePosition="SOUTH" targetPosition="NORTH" />
    <connection from="t25" to="t24" type="NORMAL" sourcePosition="SOUTH" targetPosition="NORTH" />
    <connection from="t26" to="t22" type="FALSE" sourcePosition="SOUTH" targetPosition="NORTH" />
    <connection from="t26" to="t21" type="TRUE" sourcePosition="NORTH" targetPosition="NORTH" />
    <connection from="t27" to="t28" type="NORMAL" sourcePosition="SOUTH" targetPosition="NORTH" />
    <connection from="t28" to="t25" type="EXCEPTION" sourcePosition="SOUTH" targetPosition="NORTH" />
    <connection from="t28" to="t25" type="NORMAL" sourcePosition="SOUTH" targetPosition="NORTH" />
    <connection from="t29" to="t27" type="EXCEPTION" sourcePosition="SOUTH" targetPosition="NORTH" />
    <connection from="t29" to="t27" type="NORMAL" sourcePosition="SOUTH" targetPosition="NORTH" />
    <connection from="t30" to="t21" type="NORMAL" sourcePosition="SOUTH" targetPosition="NORTH" />
  </flow>
  <flow type="flow">
    <name>RBH Auto Tile 3</name>
    <description>PHANToM</description>
    <group>Auto RBH × PHANToM</group>
    <enabled>true</enabled>
    <executionPolicy>PARALLEL</executionPolicy>
    <triggercontainer id="t1" x="70.0" y="52.5">
      <trigger>Quick Settings Tile Selected: Tile 3 RBH AUTO</trigger>
    </triggercontainer>
    <notecontainer id="t2" x="525.0" y="192.5" w="140.0" h="105.0">Tile 3</notecontainer>
    <conditioncontainer id="t3" x="-70.0" y="1697.5">App Task Running: th.in.robinhood.rider (most recent)</conditioncontainer>
    <actioncontainer id="t4" x="-70.0" y="2152.5">Clear PHANToM Log</actioncontainer>
    <actioncontainer id="t5" x="-210.0" y="1907.5">Script: global_RBH_stay = 0</actioncontainer>
    <actioncontainer id="t6" x="105.0" y="1942.5">Script: global_RBH_stay = 1</actioncontainer>
    <actioncontainer id="t7" x="245.0" y="1277.5">Update Quick Settings Tile: Tile 3 RBH AUTO Active</actioncontainer>
    <actioncontainer id="t8" x="245.0" y="1487.5">Notification on Screen: RBH AUTO - OFF (long)</actioncontainer>
    <conditioncontainer id="t9" x="70.0" y="192.5">Flow Enabled: Auto RUN RBH    </conditioncontainer>
    <actioncontainer id="t10" x="-105.0" y="367.5">Set Flow State: Enable "Auto RUN RBH   ","Auto RUN RBH    "</actioncontainer>
    <actioncontainer id="t11" x="244.99998" y="367.5">Set Flow State: Disable "Auto RUN RBH   ","Auto RUN RBH    "</actioncontainer>
    <actioncontainer id="t12" x="-105.0" y="542.5">Execute Flows: Auto RUN RBHhz</actioncontainer>
    <actioncontainer id="t13" x="244.99998" y="577.5">Stop Flows: "Auto RUN RBH   ","Auto RUN RBH    "</actioncontainer>
    <actioncontainer id="t14" x="-105.0" y="717.5">Update Quick Settings Tile: Tile 3 RBH AUTO - ON Active</actioncontainer>
    <conditioncontainer id="t15" x="244.99998" y="752.5">Flow Executing: Auto RUN RBH    </conditioncontainer>
    <actioncontainer id="t16" x="-105.000015" y="857.50006">Notification on Screen: RBH AUTO - ON (long)</actioncontainer>
    <conditioncontainer id="t17" x="244.99998" y="927.5">Flow Executing: Auto RUN RBH   </conditioncontainer>
    <actioncontainer id="t18" x="-105.00004" y="962.50037">screencapcheck</actioncontainer>
    <actioncontainer id="t19" x="-105.0" y="1172.5">resolution test</actioncontainer>
    <actioncontainer id="t20" x="-105.00003" y="1067.4999">Image_metacheck</actioncontainer>
    <actioncontainer id="t21" x="-104.99996" y="1312.5">Clear PHANToM Log</actioncontainer>
    <connection from="t1" to="t9" type="NORMAL" sourcePosition="SOUTH" targetPosition="NORTH" />
    <connection from="t1" to="t2" type="NOTE" sourcePosition="EAST" targetPosition="WEST" />
    <connection from="t3" to="t6" type="TRUE" sourcePosition="SOUTH" targetPosition="NORTH" />
    <connection from="t3" to="t5" type="FALSE" sourcePosition="SOUTH" targetPosition="NORTH" />
    <connection from="t5" to="t4" type="NORMAL" sourcePosition="SOUTH" targetPosition="NORTH" />
    <connection from="t6" to="t4" type="NORMAL" sourcePosition="SOUTH" targetPosition="NORTH" />
    <connection from="t7" to="t8" type="NORMAL" sourcePosition="SOUTH" targetPosition="NORTH" />
    <connection from="t7" to="t2" type="NOTE" sourcePosition="NORTH" targetPosition="SOUTH" />
    <connection from="t8" to="t21" type="NORMAL" sourcePosition="WEST" targetPosition="EAST" />
    <connection from="t9" to="t10" type="FALSE" sourcePosition="SOUTH" targetPosition="NORTH" />
    <connection from="t9" to="t11" type="TRUE" sourcePosition="SOUTH" targetPosition="NORTH" />
    <connection from="t10" to="t12" type="NORMAL" sourcePosition="SOUTH" targetPosition="NORTH" />
    <connection from="t11" to="t13" type="NORMAL" sourcePosition="SOUTH" targetPosition="NORTH" />
    <connection from="t12" to="t10" type="EXCEPTION" sourcePosition="NORTH" targetPosition="SOUTH" />
    <connection from="t12" to="t14" type="NORMAL" sourcePosition="SOUTH" targetPosition="NORTH" />
    <connection from="t13" to="t15" type="NORMAL" sourcePosition="SOUTH" targetPosition="NORTH" />
    <connection from="t14" to="t16" type="NORMAL" sourcePosition="SOUTH" targetPosition="NORTH" />
    <connection from="t15" to="t17" type="FALSE" sourcePosition="SOUTH" targetPosition="NORTH" />
    <connection from="t15" to="t11" type="TRUE" sourcePosition="EAST" targetPosition="EAST" />
    <connection from="t16" to="t2" type="NOTE" sourcePosition="NORTH" targetPosition="SOUTH" />
    <connection from="t16" to="t18" type="NORMAL" sourcePosition="SOUTH" targetPosition="NORTH" />
    <connection from="t17" to="t7" type="FALSE" sourcePosition="SOUTH" targetPosition="NORTH" />
    <connection from="t17" to="t11" type="TRUE" sourcePosition="EAST" targetPosition="EAST" />
    <connection from="t18" to="t20" type="NORMAL" sourcePosition="SOUTH" targetPosition="NORTH" />
    <connection from="t19" to="t21" type="NORMAL" sourcePosition="SOUTH" targetPosition="NORTH" />
    <connection from="t20" to="t19" type="NORMAL" sourcePosition="SOUTH" targetPosition="NORTH" />
    <connection from="t21" to="t3" type="NORMAL" sourcePosition="SOUTH" targetPosition="NORTH" />
  </flow>
  <widget type="custom">
    <name>Grapx</name>
    <width>1080</width>
    <height>2400</height>
    <bitmapScalingFactor>1</bitmapScalingFactor>
    <autoRefresh>false</autoRefresh>
    <autoRefreshFrequency>3600000</autoRefreshFrequency>
    <clickable />
    <clickableFeedback>false</clickableFeedback>
    <widgetIds></widgetIds>
    <elements>
      <element type="background">
        <properties>
          <property name="cornerradiusx" type="double">20.0</property>
          <property name="cornerradiusy" type="double">20.0</property>
          <property name="fill" type="boolean">true</property>
          <property name="fillcolor" type="integer">8355711</property>
          <property name="marginbottom" type="double">0.0</property>
          <property name="marginleft" type="double">0.0</property>
          <property name="marginright" type="double">0.0</property>
          <property name="margintop" type="double">0.0</property>
          <property name="name" type="string">Background</property>
          <property name="roundedcorners" type="boolean">true</property>
          <property name="visible" type="boolean">true</property>
        </properties>
      </element>
      <element type="rectangle">
        <properties>
          <property name="cornerradiusx" type="double">50.0</property>
          <property name="cornerradiusy" type="double">50.0</property>
          <property name="fill" type="boolean">true</property>
          <property name="fillcolor" type="integer">16777215</property>
          <property name="fillshadow" type="boolean">false</property>
          <property name="fillshadowcolor" type="integer">-16777216</property>
          <property name="fillshadowoffsetx" type="double">2.0</property>
          <property name="fillshadowoffsety" type="double">2.0</property>
          <property name="fillshadowradius" type="double">3.0</property>
          <property name="height" type="double">2300.0</property>
          <property name="name" type="string">Rectangle_1</property>
          <property name="outline" type="boolean">true</property>
          <property name="outlinecolor" type="integer">-65536</property>
          <property name="outlineshadow" type="boolean">false</property>
          <property name="outlineshadowcolor" type="integer">-16777216</property>
          <property name="outlineshadowoffsetx" type="double">2.0</property>
          <property name="outlineshadowoffsety" type="double">2.0</property>
          <property name="outlineshadowradius" type="double">3.0</property>
          <property name="outlinewidth" type="double">100.0</property>
          <property name="rotation" type="double">0.0</property>
          <property name="rotationx" type="double">0.0</property>
          <property name="rotationy" type="double">0.0</property>
          <property name="roundedcorners" type="boolean">true</property>
          <property name="visible" type="boolean">true</property>
          <property name="width" type="double">1080.0</property>
          <property name="x" type="double">0.0</property>
          <property name="y" type="double">0.0</property>
        </properties>
      </element>
      <element type="text">
        <properties>
          <property name="clip" type="boolean">false</property>
          <property name="fakebold" type="boolean">false</property>
          <property name="fill" type="boolean">true</property>
          <property name="fillcolor" type="integer">-16711734</property>
          <property name="fillshadow" type="boolean">false</property>
          <property name="fillshadowcolor" type="integer">-16777216</property>
          <property name="fillshadowoffsetx" type="double">2.0</property>
          <property name="fillshadowoffsety" type="double">2.0</property>
          <property name="fillshadowradius" type="double">3.0</property>
          <property name="height" type="double">500.0</property>
          <property name="multiline" type="boolean">false</property>
          <property name="name" type="string">Text_1</property>
          <property name="outline" type="boolean">true</property>
          <property name="outlinecolor" type="integer">-16711936</property>
          <property name="outlineshadow" type="boolean">false</property>
          <property name="outlineshadowcolor" type="integer">-16777216</property>
          <property name="outlineshadowoffsetx" type="double">2.0</property>
          <property name="outlineshadowoffsety" type="double">2.0</property>
          <property name="outlineshadowradius" type="double">3.0</property>
          <property name="outlinewidth" type="double">0.7</property>
          <property name="rotation" type="double">0.0</property>
          <property name="rotationx" type="double">0.0</property>
          <property name="rotationy" type="double">0.0</property>
          <property name="strikethrough" type="boolean">false</property>
          <property name="text" type="string">PHANToM</property>
          <property name="textalign" type="string">center</property>
          <property name="textpaddingbottom" type="double">0.0</property>
          <property name="textpaddingleft" type="double">0.0</property>
          <property name="textpaddingright" type="double">0.0</property>
          <property name="textpaddingtop" type="double">0.0</property>
          <property name="textscalex" type="double">1.1</property>
          <property name="textsize" type="double">100.0</property>
          <property name="textskewx" type="double">0.0</property>
          <property name="textstyle" type="string">bold</property>
          <property name="typeface" type="string">sansserif</property>
          <property name="underline" type="boolean">false</property>
          <property name="verticaltextalign" type="string">bottom</property>
          <property name="visible" type="boolean">true</property>
          <property name="width" type="double">1079.9998779296875</property>
          <property name="x" type="double">10.0</property>
          <property name="y" type="double">1500.0</property>
        </properties>
      </element>
    </elements>
  </widget>
</data>