<?xml version='1.0' encoding='UTF-8' standalone='yes' ?>
<data version="1.37.0">
  <action type="download_url">
    <useDefaultName>true</useDefaultName>
    <name>Download URL: https://github.com/Phantomguy7845/PHANToMFullProjectBeta/raw/refs/heads/main/AutoRBH.zip to /storage/emulated/0</name>
    <url>https://github.com/Phantomguy7845/PHANToMFullProjectBeta/raw/refs/heads/main/AutoRBH.zip</url>
    <directory>/storage/emulated/0</directory>
    <showProgress>true</showProgress>
  </action>
  <action type="import_flows">
    <useDefaultName>true</useDefaultName>
    <name>Import Flows/Widgets: /storage/emulated/0/AutoRBH.xml</name>
    <path>/storage/emulated/0/AutoRBH.xml</path>
    <replace>true</replace>
  </action>
  <action type="set_flow_state">
    <useDefaultName>true</useDefaultName>
    <name>Set Flow State: Disable Auto RBH Update Installer</name>
    <enable>false</enable>
    <includeFlowNamePatternList>Auto RBH Update Installer</includeFlowNamePatternList>
    <excludeFlowNamePatternList></excludeFlowNamePatternList>
  </action>
  <action type="set_flow_state">
    <useDefaultName>true</useDefaultName>
    <name>Set Flow State: Enable RBH Auto Tile 3</name>
    <enable>true</enable>
    <includeFlowNamePatternList>RBH Auto Tile 3</includeFlowNamePatternList>
    <excludeFlowNamePatternList></excludeFlowNamePatternList>
  </action>
  <action type="unzip_files">
    <useDefaultName>true</useDefaultName>
    <name>Unzip Files: /storage/emulated/0/AutoRBH.zip to /storage/emulated/0</name>
    <zipFilePath>/storage/emulated/0/AutoRBH.zip</zipFilePath>
    <targetPath>/storage/emulated/0</targetPath>
    <showProgress>true</showProgress>
  </action>
  <flow type="flow">
    <name>Auto RBH Update Installer</name>
    <description>PHANToM</description>
    <group>Auto RBH × PHANToM</group>
    <enabled>false</enabled>
    <executionPolicy>PARALLEL</executionPolicy>
    <actioncontainer id="t1" x="140.0" y="717.5">Import Flows/Widgets: /storage/emulated/0/AutoRBH.xml</actioncontainer>
    <actioncontainer id="t2" x="139.99998" y="612.50006">Unzip Files: /storage/emulated/0/AutoRBH.zip to /storage/emulated/0</actioncontainer>
    <actioncontainer id="t3" x="140.00002" y="507.50006">Download URL: https://github.com/Phantomguy7845/PHANToMFullProjectBeta/raw/refs/heads/main/AutoRBH.zip to /storage/emulated/0</actioncontainer>
    <triggercontainer id="t4" x="140.0" y="332.49997" />
    <actioncontainer id="t5" x="139.99997" y="822.5">Set Flow State: Enable RBH Auto Tile 3</actioncontainer>
    <actioncontainer id="t6" x="140.0" y="927.5001">Set Flow State: Disable Auto RBH Update Installer</actioncontainer>
    <connection from="t1" to="t5" type="NORMAL" sourcePosition="SOUTH" targetPosition="NORTH" />
    <connection from="t2" to="t1" type="NORMAL" sourcePosition="SOUTH" targetPosition="NORTH" />
    <connection from="t3" to="t2" type="NORMAL" sourcePosition="SOUTH" targetPosition="NORTH" />
    <connection from="t4" to="t3" type="NORMAL" sourcePosition="SOUTH" targetPosition="NORTH" />
    <connection from="t5" to="t6" type="NORMAL" sourcePosition="SOUTH" targetPosition="NORTH" />
  </flow>
</data>