<?xml version='1.0' encoding='UTF-8' standalone='yes' ?>
<data version="1.37.0">
  <action type="clear_automagic_log">
    <useDefaultName>false</useDefaultName>
    <name>Clear PHANToM Log</name>
  </action>
  <action type="control_user_interface">
    <useDefaultName>true</useDefaultName>
    <name>Control UI: sleep(3000)</name>
    <script>sleep(3000)</script>
  </action>
  <action type="control_user_interface">
    <useDefaultName>true</useDefaultName>
    <name>Control UI: sleep(5000)</name>
    <script>sleep(5000)</script>
  </action>
  <action type="delete_flows">
    <useDefaultName>true</useDefaultName>
    <name>Delete Flows: Floating button Action order</name>
    <flowNameList>Floating button Action order</flowNameList>
    <deleteUnusedObjects>false</deleteUnusedObjects>
  </action>
  <action type="delete_flows">
    <useDefaultName>true</useDefaultName>
    <name>Delete Flows: Floating button Hider</name>
    <flowNameList>Floating button Hider</flowNameList>
    <deleteUnusedObjects>false</deleteUnusedObjects>
  </action>
  <action type="delete_flows">
    <useDefaultName>true</useDefaultName>
    <name>Delete Flows: Floating button Launcher</name>
    <flowNameList>Floating button Launcher</flowNameList>
    <deleteUnusedObjects>false</deleteUnusedObjects>
  </action>
  <action type="delete_flows">
    <useDefaultName>true</useDefaultName>
    <name>Delete Flows: SigningKeyCheckActivity</name>
    <flowNameList>SigningKeyCheckActivity</flowNameList>
    <deleteUnusedObjects>false</deleteUnusedObjects>
  </action>
  <action type="delete_flows">
    <useDefaultName>true</useDefaultName>
    <name>Delete Flows: SigningKeyLoginActivity</name>
    <flowNameList>SigningKeyLoginActivity</flowNameList>
    <deleteUnusedObjects>false</deleteUnusedObjects>
  </action>
  <action type="delete_flows">
    <useDefaultName>true</useDefaultName>
    <name>Delete Flows: ⏭️PHANToM Auto Swipe⏭️</name>
    <flowNameList>⏭️PHANToM Auto Swipe⏭️</flowNameList>
    <deleteUnusedObjects>false</deleteUnusedObjects>
  </action>
  <action type="delete_flows">
    <useDefaultName>true</useDefaultName>
    <name>Delete Flows: 🎭PHANToM Special Tap🎭</name>
    <flowNameList>🎭PHANToM Special Tap🎭</flowNameList>
    <deleteUnusedObjects>false</deleteUnusedObjects>
  </action>
  <action type="delete_flows">
    <useDefaultName>true</useDefaultName>
    <name>Delete Flows: 🎭PHANToM Trigger Starter🎭</name>
    <flowNameList>🎭PHANToM Trigger Starter🎭</flowNameList>
    <deleteUnusedObjects>false</deleteUnusedObjects>
  </action>
  <action type="delete_flows">
    <useDefaultName>true</useDefaultName>
    <name>Delete Flows: 🎭โยนหมุด GPS Setter by PHANToM🎭</name>
    <flowNameList>🎭โยนหมุด GPS Setter by PHANToM🎭</flowNameList>
    <deleteUnusedObjects>false</deleteUnusedObjects>
  </action>
  <action type="delete_flows">
    <useDefaultName>true</useDefaultName>
    <name>Delete Flows: 🔃PHANToM Refresh Task1🔃</name>
    <flowNameList>🔃PHANToM Refresh Task1🔃</flowNameList>
    <deleteUnusedObjects>false</deleteUnusedObjects>
  </action>
  <action type="delete_flows">
    <useDefaultName>true</useDefaultName>
    <name>Delete Flows: 🔃PHANToM Refresh Task2🔃</name>
    <flowNameList>🔃PHANToM Refresh Task2🔃</flowNameList>
    <deleteUnusedObjects>false</deleteUnusedObjects>
  </action>
  <action type="delete_flows">
    <useDefaultName>true</useDefaultName>
    <name>Delete Flows: 🔃PHANToM Refresher🔃</name>
    <flowNameList>🔃PHANToM Refresher🔃</flowNameList>
    <deleteUnusedObjects>false</deleteUnusedObjects>
  </action>
  <action type="delete_flows">
    <useDefaultName>true</useDefaultName>
    <name>Delete Flows: 🔄Emergency Stop Refresh Display🔄</name>
    <flowNameList>🔄Emergency Stop Refresh Display🔄</flowNameList>
    <deleteUnusedObjects>false</deleteUnusedObjects>
  </action>
  <action type="execute_flows">
    <useDefaultName>true</useDefaultName>
    <name>Execute Flows: 🔑SigningKeyCheckActivity</name>
    <includeFlowNamePatternList>🔑SigningKeyCheckActivity</includeFlowNamePatternList>
    <excludeFlowNamePatternList></excludeFlowNamePatternList>
    <skipDisabledFlowsWithoutError>false</skipDisabledFlowsWithoutError>
    <waitForFlowsToFinish>false</waitForFlowsToFinish>
    <returnLocalVariablesToCallingFlow>false</returnLocalVariablesToCallingFlow>
  </action>
  <action type="message_dialog">
    <useDefaultName>true</useDefaultName>
    <name>Message Dialog:            🎭PHANToM🎭 ⏳Activated Timeout⌛ 🎭lPHANToMl🎭 🛑Line : phantom1669🛑</name>
    <title>           🎭PHANToM🎭</title>
    <message> 
           ⏳Activated Timeout⌛

                 🎭lPHANToMl🎭
          🛑Line : phantom1669🛑</message>
    <buttonLabel>close</buttonLabel>
    <timeoutEnabled>false</timeoutEnabled>
    <timeout>60000</timeout>
  </action>
  <action type="message_dialog">
    <useDefaultName>true</useDefaultName>
    <name>Message Dialog: 📵ERROR Resource📵 ไฟล์ไม่สมบูรณ์ The Resource File is Incomplete Note : แนะนำให้ลบและดาวน์โหลดใหม่ จากแหล่งที่ถูกต้อง</name>
    <title>📵ERROR Resource📵</title>
    <message>ไฟล์ไม่สมบูรณ์
The Resource File is Incomplete

Note : แนะนำให้ลบและดาวน์โหลดใหม่
            จากแหล่งที่ถูกต้อง</message>
    <buttonLabel>OK</buttonLabel>
    <timeoutEnabled>false</timeoutEnabled>
    <timeout>60000</timeout>
  </action>
  <action type="notification_screen">
    <useDefaultName>true</useDefaultName>
    <name>Notification on Screen: 📵Broken Flie Deleted!📵 (long)</name>
    <showText>true</showText>
    <text>📵Broken Flie Deleted!📵</text>
    <widgetName></widgetName>
    <width></width>
    <height></height>
    <stretchToFillArea>false</stretchToFillArea>
    <opacity>1.00</opacity>
    <durationLong>true</durationLong>
    <customPosition>false</customPosition>
    <gravityType>TOP_LEFT</gravityType>
    <xOffset>0</xOffset>
    <yOffset>0</yOffset>
  </action>
  <action type="notification_screen">
    <useDefaultName>true</useDefaultName>
    <name>Notification on Screen: 😁ทีหลังห้ามซนนะจ๊ะ😁</name>
    <showText>true</showText>
    <text>😁ทีหลังห้ามซนนะจ๊ะ😁</text>
    <widgetName></widgetName>
    <width></width>
    <height></height>
    <stretchToFillArea>false</stretchToFillArea>
    <opacity>1.00</opacity>
    <durationLong>false</durationLong>
    <customPosition>false</customPosition>
    <gravityType>TOP_LEFT</gravityType>
    <xOffset>0</xOffset>
    <yOffset>0</yOffset>
  </action>
  <action type="open_browser_url">
    <useDefaultName>true</useDefaultName>
    <name>Open URL in Browser: https://drive.google.com/drive/folders/1dZNMb8_tHWH2Q3VoR0O5r-oIEh2b5SIZ</name>
    <url>https://drive.google.com/drive/folders/1dZNMb8_tHWH2Q3VoR0O5r-oIEh2b5SIZ</url>
    <explicitComponent>false</explicitComponent>
    <packageName></packageName>
    <className></className>
    <appName></appName>
  </action>
  <action type="show_home_screen">
    <useDefaultName>false</useDefaultName>
    <name>PHANToM
ooo</name>
    <pageEnabled>false</pageEnabled>
    <page>1</page>
  </action>
  <action type="set_flow_state">
    <useDefaultName>true</useDefaultName>
    <name>Set Flow State: Enable 🔑SigningKeyCheckActivity,🔑SigningKeyLoginActivity,🔑System Resources File Loader</name>
    <enable>true</enable>
    <includeFlowNamePatternList>🔑SigningKeyCheckActivity,🔑SigningKeyLoginActivity,🔑System Resources File Loader</includeFlowNamePatternList>
    <excludeFlowNamePatternList></excludeFlowNamePatternList>
  </action>
  <action type="vibrate">
    <useDefaultName>false</useDefaultName>
    <name>Vibrate: Custm pattern (--)</name>
    <custom>true</custom>
    <vibratePattern>vibrate_pattern_3</vibratePattern>
    <customPattern>0,1270</customPattern>
  </action>
  <flow type="flow">
    <name>🔑Url.PHANToMSignin</name>
    <description>🎭PHANToM🎭</description>
    <group>🎭PHANToM full Project (Beta)🎭</group>
    <enabled>true</enabled>
    <executionPolicy>PARALLEL</executionPolicy>
    <triggercontainer id="t1" x="315.0" y="297.5" />
    <actioncontainer id="t2" x="315.0" y="542.5">Clear PHANToM Log</actioncontainer>
    <actioncontainer id="t3" x="315.0" y="542.5">PHANToM
ooo</actioncontainer>
    <actioncontainer id="t4" x="315.0" y="542.5">Open URL in Browser: https://drive.google.com/drive/folders/1dZNMb8_tHWH2Q3VoR0O5r-oIEh2b5SIZ</actioncontainer>
    <actioncontainer id="t5" x="315.0" y="542.5">Control UI: sleep(3000)</actioncontainer>
    <actioncontainer id="t6" x="315.0" y="542.5">Delete Flows: 🎭PHANToM Trigger Starter🎭</actioncontainer>
    <actioncontainer id="t7" x="315.0" y="542.5">Delete Flows: 🎭โยนหมุด GPS Setter by PHANToM🎭</actioncontainer>
    <actioncontainer id="t8" x="315.0" y="542.5">Delete Flows: 🔄Emergency Stop Refresh Display🔄</actioncontainer>
    <actioncontainer id="t9" x="315.0" y="542.5">Delete Flows: Floating button Hider</actioncontainer>
    <actioncontainer id="t10" x="315.0" y="542.5">Delete Flows: Floating button Launcher</actioncontainer>
    <actioncontainer id="t11" x="315.0" y="542.5">Delete Flows: 🎭PHANToM Special Tap🎭</actioncontainer>
    <actioncontainer id="t12" x="315.0" y="542.5">Delete Flows: 🔃PHANToM Refresh Task2🔃</actioncontainer>
    <actioncontainer id="t13" x="315.0" y="542.5">Delete Flows: 🔃PHANToM Refresher🔃</actioncontainer>
    <actioncontainer id="t14" x="315.0" y="542.5">Delete Flows: Floating button Action order</actioncontainer>
    <actioncontainer id="t15" x="315.0" y="542.5">Delete Flows: 🔃PHANToM Refresh Task1🔃</actioncontainer>
    <actioncontainer id="t16" x="315.0" y="542.5">Clear PHANToM Log</actioncontainer>
    <actioncontainer id="t17" x="315.0" y="542.5">Notification on Screen: 😁ทีหลังห้ามซนนะจ๊ะ😁</actioncontainer>
    <actioncontainer id="t18" x="315.0" y="542.5">Control UI: sleep(5000)</actioncontainer>
    <actioncontainer id="t19" x="315.0" y="542.5">Control UI: sleep(3000)</actioncontainer>
    <actioncontainer id="t20" x="315.0" y="542.5">Clear PHANToM Log</actioncontainer>
    <actioncontainer id="t21" x="315.0" y="542.5">Delete Flows: SigningKeyLoginActivity</actioncontainer>
    <actioncontainer id="t22" x="315.0" y="542.5">Delete Flows: SigningKeyCheckActivity</actioncontainer>
    <actioncontainer id="t23" x="315.0" y="542.5">Delete Flows: ⏭️PHANToM Auto Swipe⏭️</actioncontainer>
    <actioncontainer id="t24" x="315.0" y="542.5">Clear PHANToM Log</actioncontainer>
    <actioncontainer id="t25" x="315.0" y="542.5">Notification on Screen: 📵Broken Flie Deleted!📵 (long)</actioncontainer>
    <actioncontainer id="t26" x="314.99994" y="542.5">Execute Flows: 🔑SigningKeyCheckActivity</actioncontainer>
    <actioncontainer id="t27" x="315.0" y="542.5">Message Dialog:            🎭PHANToM🎭 ⏳Activated Timeout⌛ 🎭lPHANToMl🎭 🛑Line : phantom1669🛑</actioncontainer>
    <actioncontainer id="t28" x="315.0" y="542.5">Set Flow State: Enable 🔑SigningKeyCheckActivity,🔑SigningKeyLoginActivity,🔑System Resources File Loader</actioncontainer>
    <actioncontainer id="t29" x="315.0" y="542.5">Vibrate: Custm pattern (--)</actioncontainer>
    <actioncontainer id="t30" x="315.0" y="542.5">Message Dialog: 📵ERROR Resource📵 ไฟล์ไม่สมบูรณ์ The Resource File is Incomplete Note : แนะนำให้ลบและดาวน์โหลดใหม่ จากแหล่งที่ถูกต้อง</actioncontainer>
    <connection from="t1" to="t27" type="NORMAL" sourcePosition="SOUTH" targetPosition="NORTH" />
    <connection from="t3" to="t2" type="NORMAL" sourcePosition="NORTH" targetPosition="EAST" />
    <connection from="t4" to="t5" type="NORMAL" sourcePosition="EAST" targetPosition="WEST" />
    <connection from="t5" to="t7" type="NORMAL" sourcePosition="SOUTH" targetPosition="NORTH" />
    <connection from="t6" to="t8" type="EXCEPTION" sourcePosition="WEST" targetPosition="EAST" />
    <connection from="t6" to="t8" type="NORMAL" sourcePosition="WEST" targetPosition="EAST" />
    <connection from="t7" to="t6" type="EXCEPTION" sourcePosition="WEST" targetPosition="EAST" />
    <connection from="t7" to="t6" type="NORMAL" sourcePosition="WEST" targetPosition="EAST" />
    <connection from="t8" to="t12" type="EXCEPTION" sourcePosition="WEST" targetPosition="EAST" />
    <connection from="t8" to="t12" type="NORMAL" sourcePosition="WEST" targetPosition="EAST" />
    <connection from="t9" to="t10" type="EXCEPTION" sourcePosition="EAST" targetPosition="WEST" />
    <connection from="t9" to="t10" type="NORMAL" sourcePosition="EAST" targetPosition="WEST" />
    <connection from="t10" to="t11" type="EXCEPTION" sourcePosition="EAST" targetPosition="WEST" />
    <connection from="t10" to="t11" type="NORMAL" sourcePosition="EAST" targetPosition="WEST" />
    <connection from="t11" to="t23" type="EXCEPTION" sourcePosition="SOUTH" targetPosition="NORTH" />
    <connection from="t11" to="t23" type="NORMAL" sourcePosition="SOUTH" targetPosition="NORTH" />
    <connection from="t12" to="t13" type="EXCEPTION" sourcePosition="WEST" targetPosition="EAST" />
    <connection from="t12" to="t13" type="NORMAL" sourcePosition="WEST" targetPosition="EAST" />
    <connection from="t13" to="t15" type="EXCEPTION" sourcePosition="SOUTH" targetPosition="NORTH" />
    <connection from="t13" to="t15" type="NORMAL" sourcePosition="SOUTH" targetPosition="NORTH" />
    <connection from="t14" to="t9" type="EXCEPTION" sourcePosition="EAST" targetPosition="WEST" />
    <connection from="t14" to="t9" type="NORMAL" sourcePosition="EAST" targetPosition="WEST" />
    <connection from="t15" to="t14" type="EXCEPTION" sourcePosition="EAST" targetPosition="WEST" />
    <connection from="t15" to="t14" type="NORMAL" sourcePosition="EAST" targetPosition="WEST" />
    <connection from="t16" to="t18" type="NORMAL" sourcePosition="SOUTH" targetPosition="NORTH" />
    <connection from="t17" to="t16" type="NORMAL" sourcePosition="WEST" targetPosition="EAST" />
    <connection from="t18" to="t25" type="NORMAL" sourcePosition="EAST" targetPosition="WEST" />
    <connection from="t19" to="t17" type="NORMAL" sourcePosition="WEST" targetPosition="EAST" />
    <connection from="t20" to="t22" type="NORMAL" sourcePosition="EAST" targetPosition="WEST" />
    <connection from="t21" to="t19" type="EXCEPTION" sourcePosition="WEST" targetPosition="EAST" />
    <connection from="t21" to="t19" type="NORMAL" sourcePosition="WEST" targetPosition="EAST" />
    <connection from="t22" to="t24" type="NORMAL" sourcePosition="EAST" targetPosition="WEST" />
    <connection from="t23" to="t21" type="EXCEPTION" sourcePosition="WEST" targetPosition="EAST" />
    <connection from="t23" to="t21" type="NORMAL" sourcePosition="WEST" targetPosition="EAST" />
    <connection from="t25" to="t20" type="NORMAL" sourcePosition="EAST" targetPosition="WEST" />
    <connection from="t26" to="t3" type="NORMAL" sourcePosition="SOUTH" targetPosition="NORTH" />
    <connection from="t27" to="t28" type="NORMAL" sourcePosition="SOUTH" targetPosition="NORTH" />
    <connection from="t28" to="t26" type="NORMAL" sourcePosition="SOUTH" targetPosition="NORTH" />
    <connection from="t28" to="t29" type="EXCEPTION" sourcePosition="EAST" targetPosition="WEST" />
    <connection from="t29" to="t30" type="NORMAL" sourcePosition="SOUTH" targetPosition="NORTH" />
    <connection from="t30" to="t4" type="NORMAL" sourcePosition="SOUTH" targetPosition="NORTH" />
  </flow>
</data>